seed,target_factor,layer,source_patch,phase,phase_name,conflict_n,follow,policy_change,outcome_change_mae
16140,identity,0,identity_role,0,continuity,365,1.0,0.73,0.4824231564998626
16140,identity,0,identity_role,1,allocation,0,,0.0,0.0157308466732502
16140,identity,0,identity_role,2,protection,0,,0.0,0.0122238779440522
16140,identity,0,identity_role,3,integrated,224,1.0,0.448,0.0317438468337059
16140,identity,0,beneficiary_role,0,continuity,365,0.0,0.0,0.0
16140,identity,0,beneficiary_role,1,allocation,0,,0.0,0.0
16140,identity,0,beneficiary_role,2,protection,0,,0.0,0.0
16140,identity,0,beneficiary_role,3,integrated,224,0.0,0.0,0.0
16140,identity,0,concern_context,0,continuity,365,0.0,0.0,0.0
16140,identity,0,concern_context,1,allocation,0,,0.0,0.0
16140,identity,0,concern_context,2,protection,0,,0.0,0.0
16140,identity,0,concern_context,3,integrated,224,0.0,0.0,0.0
16140,identity,0,entities,0,continuity,365,0.0,0.0,0.0
16140,identity,0,entities,1,allocation,0,,0.0,0.0
16140,identity,0,entities,2,protection,0,,0.0,0.0
16140,identity,0,entities,3,integrated,224,0.0,0.0,0.0
16140,identity,0,phase0,0,continuity,365,0.0,0.0,0.0
16140,identity,0,phase0,1,allocation,0,,0.0,0.0
16140,identity,0,phase0,2,protection,0,,0.0,0.0
16140,identity,0,phase0,3,integrated,224,0.0,0.0,0.0
16140,identity,0,phase1,0,continuity,365,0.0,0.0,0.0
16140,identity,0,phase1,1,allocation,0,,0.0,0.0
16140,identity,0,phase1,2,protection,0,,0.0,0.0
16140,identity,0,phase1,3,integrated,224,0.0,0.0,0.0
16140,identity,0,phase2,0,continuity,365,0.0,0.0,0.0
16140,identity,0,phase2,1,allocation,0,,0.0,0.0
16140,identity,0,phase2,2,protection,0,,0.0,0.0
16140,identity,0,phase2,3,integrated,224,0.0,0.0,0.0
16140,identity,0,phase3,0,continuity,365,0.0,0.0,0.0
16140,identity,0,phase3,1,allocation,0,,0.0,0.0
16140,identity,0,phase3,2,protection,0,,0.0,0.0
16140,identity,0,phase3,3,integrated,224,0.0,0.0,0.0
16140,identity,0,all_phases,0,continuity,365,0.0,0.0,0.0
16140,identity,0,all_phases,1,allocation,0,,0.0,0.0
16140,identity,0,all_phases,2,protection,0,,0.0,0.0
16140,identity,0,all_phases,3,integrated,224,0.0,0.0,0.0
16140,identity,1,identity_role,0,continuity,365,0.2986301369863013,0.302,0.2208969742059707
16140,identity,1,identity_role,1,allocation,0,,0.0,0.0102655673399567
16140,identity,1,identity_role,2,protection,0,,0.0,0.0060481466352939
16140,identity,1,identity_role,3,integrated,224,0.6964285714285714,0.312,0.0385592691600322
16140,identity,1,beneficiary_role,0,continuity,365,0.0,0.0,3.70034649677109e-05
16140,identity,1,beneficiary_role,1,allocation,0,,0.0,0.003706864779815
16140,identity,1,beneficiary_role,2,protection,0,,0.0,0.0002935607917606
16140,identity,1,beneficiary_role,3,integrated,224,0.0,0.0,0.0025146142579615
16140,identity,1,concern_context,0,continuity,365,0.0,0.0,0.0003884325560647
16140,identity,1,concern_context,1,allocation,0,,0.0,0.0012738418299704
16140,identity,1,concern_context,2,protection,0,,0.0,0.0091111045330762
16140,identity,1,concern_context,3,integrated,224,0.0,0.0,0.013523431494832
16140,identity,1,entities,0,continuity,365,0.0,0.0,0.000930972455535
16140,identity,1,entities,1,allocation,0,,0.0,0.0063055120408535
16140,identity,1,entities,2,protection,0,,0.0,0.0044848159886896
16140,identity,1,entities,3,integrated,224,0.0,0.0,0.0054170712828636
16140,identity,1,phase0,0,continuity,365,0.4986301369863014,0.44,0.3295533359050751
16140,identity,1,phase0,1,allocation,0,,0.0,0.0126087386161088
16140,identity,1,phase0,2,protection,0,,0.0,0.0033353865146636
16140,identity,1,phase0,3,integrated,224,0.0,0.0,0.001679154112935
16140,identity,1,phase1,0,continuity,365,0.0,0.0,4.1237617551814765e-05
16140,identity,1,phase1,1,allocation,0,,0.0,0.0204084850847721
16140,identity,1,phase1,2,protection,0,,0.0,0.0001812268601497
16140,identity,1,phase1,3,integrated,224,0.0,0.0,0.0001325290359091
16140,identity,1,phase2,0,continuity,365,0.0,0.0,1.9743336451938376e-05
16140,identity,1,phase2,1,allocation,0,,0.0,0.0009512859978713
16140,identity,1,phase2,2,protection,0,,0.0,0.0063012111932039
16140,identity,1,phase2,3,integrated,224,0.0,0.0,3.689065124490298e-05
16140,identity,1,phase3,0,continuity,365,0.0,0.0,0.0001305411424254
16140,identity,1,phase3,1,allocation,0,,0.0,0.0024483858142048
16140,identity,1,phase3,2,protection,0,,0.0,0.0005517759709618
16140,identity,1,phase3,3,integrated,224,0.2991071428571428,0.134,0.0232057478278875
16140,identity,1,all_phases,0,continuity,365,0.5013698630136987,0.442,0.3298629522323608
16140,identity,1,all_phases,1,allocation,0,,0.0,0.0154241984710097
16140,identity,1,all_phases,2,protection,0,,0.0,0.0061617293395102
16140,identity,1,all_phases,3,integrated,224,0.3035714285714285,0.136,0.0230655632913112
16140,identity,2,identity_role,0,continuity,365,0.0,0.0,0.0
16140,identity,2,identity_role,1,allocation,0,,0.0,0.0
16140,identity,2,identity_role,2,protection,0,,0.0,0.0
16140,identity,2,identity_role,3,integrated,224,0.0,0.0,0.0
16140,identity,2,beneficiary_role,0,continuity,365,0.0,0.0,0.0
16140,identity,2,beneficiary_role,1,allocation,0,,0.0,0.0
16140,identity,2,beneficiary_role,2,protection,0,,0.0,0.0
16140,identity,2,beneficiary_role,3,integrated,224,0.0,0.0,0.0
16140,identity,2,concern_context,0,continuity,365,0.0,0.0,0.0
16140,identity,2,concern_context,1,allocation,0,,0.0,0.0
16140,identity,2,concern_context,2,protection,0,,0.0,0.0
16140,identity,2,concern_context,3,integrated,224,0.0,0.0,0.0
16140,identity,2,entities,0,continuity,365,0.0,0.0,0.0
16140,identity,2,entities,1,allocation,0,,0.0,0.0
16140,identity,2,entities,2,protection,0,,0.0,0.0
16140,identity,2,entities,3,integrated,224,0.0,0.0,0.0
16140,identity,2,phase0,0,continuity,365,1.0,0.73,0.4824231564998626
16140,identity,2,phase0,1,allocation,0,,0.0,0.0
16140,identity,2,phase0,2,protection,0,,0.0,0.0
16140,identity,2,phase0,3,integrated,224,0.0,0.0,0.0
16140,identity,2,phase1,0,continuity,365,0.0,0.0,0.0
16140,identity,2,phase1,1,allocation,0,,0.0,0.0157308466732502
16140,identity,2,phase1,2,protection,0,,0.0,0.0
16140,identity,2,phase1,3,integrated,224,0.0,0.0,0.0
16140,identity,2,phase2,0,continuity,365,0.0,0.0,0.0
16140,identity,2,phase2,1,allocation,0,,0.0,0.0
16140,identity,2,phase2,2,protection,0,,0.0,0.0122238779440522
16140,identity,2,phase2,3,integrated,224,0.0,0.0,0.0
16140,identity,2,phase3,0,continuity,365,0.0,0.0,0.0
16140,identity,2,phase3,1,allocation,0,,0.0,0.0
16140,identity,2,phase3,2,protection,0,,0.0,0.0
16140,identity,2,phase3,3,integrated,224,1.0,0.448,0.0317438468337059
16140,identity,2,all_phases,0,continuity,365,1.0,0.73,0.4824231564998626
16140,identity,2,all_phases,1,allocation,0,,0.0,0.0157308466732502
16140,identity,2,all_phases,2,protection,0,,0.0,0.0122238779440522
16140,identity,2,all_phases,3,integrated,224,1.0,0.448,0.0317438468337059
16140,beneficiary,0,identity_role,0,continuity,0,,0.0,0.0
16140,beneficiary,0,identity_role,1,allocation,372,0.0,0.0,0.0
16140,beneficiary,0,identity_role,2,protection,0,,0.0,0.0
16140,beneficiary,0,identity_role,3,integrated,271,0.0,0.0,0.0
16140,beneficiary,0,beneficiary_role,0,continuity,0,,0.0,0.001433523138985
16140,beneficiary,0,beneficiary_role,1,allocation,372,1.0,0.744,0.2573580145835876
16140,beneficiary,0,beneficiary_role,2,protection,0,,0.0,0.0118512120097875
16140,beneficiary,0,beneficiary_role,3,integrated,271,1.0,0.542,0.0326524004340171
16140,beneficiary,0,concern_context,0,continuity,0,,0.0,0.0
16140,beneficiary,0,concern_context,1,allocation,372,0.0,0.0,0.0
16140,beneficiary,0,concern_context,2,protection,0,,0.0,0.0
16140,beneficiary,0,concern_context,3,integrated,271,0.0,0.0,0.0
16140,beneficiary,0,entities,0,continuity,0,,0.0,0.0
16140,beneficiary,0,entities,1,allocation,372,0.0,0.0,0.0
16140,beneficiary,0,entities,2,protection,0,,0.0,0.0
16140,beneficiary,0,entities,3,integrated,271,0.0,0.0,0.0
16140,beneficiary,0,phase0,0,continuity,0,,0.0,0.0
16140,beneficiary,0,phase0,1,allocation,372,0.0,0.0,0.0
16140,beneficiary,0,phase0,2,protection,0,,0.0,0.0
16140,beneficiary,0,phase0,3,integrated,271,0.0,0.0,0.0
16140,beneficiary,0,phase1,0,continuity,0,,0.0,0.0
16140,beneficiary,0,phase1,1,allocation,372,0.0,0.0,0.0
16140,beneficiary,0,phase1,2,protection,0,,0.0,0.0
16140,beneficiary,0,phase1,3,integrated,271,0.0,0.0,0.0
16140,beneficiary,0,phase2,0,continuity,0,,0.0,0.0
16140,beneficiary,0,phase2,1,allocation,372,0.0,0.0,0.0
16140,beneficiary,0,phase2,2,protection,0,,0.0,0.0
16140,beneficiary,0,phase2,3,integrated,271,0.0,0.0,0.0
16140,beneficiary,0,phase3,0,continuity,0,,0.0,0.0
16140,beneficiary,0,phase3,1,allocation,372,0.0,0.0,0.0
16140,beneficiary,0,phase3,2,protection,0,,0.0,0.0
16140,beneficiary,0,phase3,3,integrated,271,0.0,0.0,0.0
16140,beneficiary,0,all_phases,0,continuity,0,,0.0,0.0
16140,beneficiary,0,all_phases,1,allocation,372,0.0,0.0,0.0
16140,beneficiary,0,all_phases,2,protection,0,,0.0,0.0
16140,beneficiary,0,all_phases,3,integrated,271,0.0,0.0,0.0
16140,beneficiary,1,identity_role,0,continuity,0,,0.0,0.0003122703346889
16140,beneficiary,1,identity_role,1,allocation,372,0.0,0.0,0.0001866851525846
16140,beneficiary,1,identity_role,2,protection,0,,0.0,0.0001210635309689
16140,beneficiary,1,identity_role,3,integrated,271,0.0,0.0,0.0008916911319829
16140,beneficiary,1,beneficiary_role,0,continuity,0,,0.0,0.0008541751885786
16140,beneficiary,1,beneficiary_role,1,allocation,372,0.5833333333333334,0.488,0.1561698615550995
16140,beneficiary,1,beneficiary_role,2,protection,0,,0.0,0.0057204882614314
16140,beneficiary,1,beneficiary_role,3,integrated,271,0.4797047970479705,0.274,0.0287076272070407
16140,beneficiary,1,concern_context,0,continuity,0,,0.0,0.0004195230139885
16140,beneficiary,1,concern_context,1,allocation,372,0.0,0.0,0.0022234770003706
16140,beneficiary,1,concern_context,2,protection,0,,0.0,0.012947448529303
16140,beneficiary,1,concern_context,3,integrated,271,0.003690036900369,0.004,0.0214339420199394
16140,beneficiary,1,entities,0,continuity,0,,0.0,0.0005179520812816
16140,beneficiary,1,entities,1,allocation,372,0.0,0.0,0.0032485164701938
16140,beneficiary,1,entities,2,protection,0,,0.0,0.0018487861379981
16140,beneficiary,1,entities,3,integrated,271,0.0,0.0,0.0017618889687582
16140,beneficiary,1,phase0,0,continuity,0,,0.0,0.0008373407181352
16140,beneficiary,1,phase0,1,allocation,372,0.0,0.0,0.0004055117315147
16140,beneficiary,1,phase0,2,protection,0,,0.0,6.622244109166786e-05
16140,beneficiary,1,phase0,3,integrated,271,0.0,0.0,4.39353498222772e-05
16140,beneficiary,1,phase1,0,continuity,0,,0.0,0.0004393875133246
16140,beneficiary,1,phase1,1,allocation,372,0.3924731182795699,0.354,0.1307394802570343
16140,beneficiary,1,phase1,2,protection,0,,0.0,0.0048210420645773
16140,beneficiary,1,phase1,3,integrated,271,0.0,0.0,0.0022247061133384
16140,beneficiary,1,phase2,0,continuity,0,,0.0,1.195803633891046e-05
16140,beneficiary,1,phase2,1,allocation,372,0.0,0.0,0.0012398938415572
16140,beneficiary,1,phase2,2,protection,0,,0.0,0.0019955330062657
16140,beneficiary,1,phase2,3,integrated,271,0.0,0.0,2.8756028768839315e-05
16140,beneficiary,1,phase3,0,continuity,0,,0.0,0.0001706503971945
16140,beneficiary,1,phase3,1,allocation,372,0.0,0.0,0.0044187107123434
16140,beneficiary,1,phase3,2,protection,0,,0.0,0.0011441097594797
16140,beneficiary,1,phase3,3,integrated,271,0.4501845018450184,0.262,0.0300404429435729
16140,beneficiary,1,all_phases,0,continuity,0,,0.0,0.0009011374204419
16140,beneficiary,1,all_phases,1,allocation,372,0.3817204301075269,0.346,0.1294216364622116
16140,beneficiary,1,all_phases,2,protection,0,,0.0,0.0049196952022612
16140,beneficiary,1,all_phases,3,integrated,271,0.4538745387453874,0.264,0.0302572529762983
16140,beneficiary,2,identity_role,0,continuity,0,,0.0,0.0
16140,beneficiary,2,identity_role,1,allocation,372,0.0,0.0,0.0
16140,beneficiary,2,identity_role,2,protection,0,,0.0,0.0
16140,beneficiary,2,identity_role,3,integrated,271,0.0,0.0,0.0
16140,beneficiary,2,beneficiary_role,0,continuity,0,,0.0,0.0
16140,beneficiary,2,beneficiary_role,1,allocation,372,0.0,0.0,0.0
16140,beneficiary,2,beneficiary_role,2,protection,0,,0.0,0.0
16140,beneficiary,2,beneficiary_role,3,integrated,271,0.0,0.0,0.0
16140,beneficiary,2,concern_context,0,continuity,0,,0.0,0.0
16140,beneficiary,2,concern_context,1,allocation,372,0.0,0.0,0.0
16140,beneficiary,2,concern_context,2,protection,0,,0.0,0.0
16140,beneficiary,2,concern_context,3,integrated,271,0.0,0.0,0.0
16140,beneficiary,2,entities,0,continuity,0,,0.0,0.0
16140,beneficiary,2,entities,1,allocation,372,0.0,0.0,0.0
16140,beneficiary,2,entities,2,protection,0,,0.0,0.0
16140,beneficiary,2,entities,3,integrated,271,0.0,0.0,0.0
16140,beneficiary,2,phase0,0,continuity,0,,0.0,0.001433523138985
16140,beneficiary,2,phase0,1,allocation,372,0.0,0.0,0.0
16140,beneficiary,2,phase0,2,protection,0,,0.0,0.0
16140,beneficiary,2,phase0,3,integrated,271,0.0,0.0,0.0
16140,beneficiary,2,phase1,0,continuity,0,,0.0,0.0
16140,beneficiary,2,phase1,1,allocation,372,1.0,0.744,0.2573580145835876
16140,beneficiary,2,phase1,2,protection,0,,0.0,0.0
16140,beneficiary,2,phase1,3,integrated,271,0.0,0.0,0.0
16140,beneficiary,2,phase2,0,continuity,0,,0.0,0.0
16140,beneficiary,2,phase2,1,allocation,372,0.0,0.0,0.0
16140,beneficiary,2,phase2,2,protection,0,,0.0,0.0118512120097875
16140,beneficiary,2,phase2,3,integrated,271,0.0,0.0,0.0
16140,beneficiary,2,phase3,0,continuity,0,,0.0,0.0
16140,beneficiary,2,phase3,1,allocation,372,0.0,0.0,0.0
16140,beneficiary,2,phase3,2,protection,0,,0.0,0.0
16140,beneficiary,2,phase3,3,integrated,271,1.0,0.542,0.0326524004340171
16140,beneficiary,2,all_phases,0,continuity,0,,0.0,0.001433523138985
16140,beneficiary,2,all_phases,1,allocation,372,1.0,0.744,0.2573580145835876
16140,beneficiary,2,all_phases,2,protection,0,,0.0,0.0118512120097875
16140,beneficiary,2,all_phases,3,integrated,271,1.0,0.542,0.0326524004340171
16140,concern,0,identity_role,0,continuity,0,,0.0,0.0
16140,concern,0,identity_role,1,allocation,0,,0.0,0.0
16140,concern,0,identity_role,2,protection,382,0.0,0.0,0.0
16140,concern,0,identity_role,3,integrated,180,0.0,0.0,0.0
16140,concern,0,beneficiary_role,0,continuity,0,,0.0,0.0
16140,concern,0,beneficiary_role,1,allocation,0,,0.0,0.0
16140,concern,0,beneficiary_role,2,protection,382,0.0,0.0,0.0
16140,concern,0,beneficiary_role,3,integrated,180,0.0,0.0,0.0
16140,concern,0,concern_context,0,continuity,0,,0.0,0.0025335559621453
16140,concern,0,concern_context,1,allocation,0,,0.0,0.0113186920061707
16140,concern,0,concern_context,2,protection,382,1.0,0.764,0.3057659864425659
16140,concern,0,concern_context,3,integrated,180,1.0,0.36,0.3153834342956543
16140,concern,0,entities,0,continuity,0,,0.0,0.0
16140,concern,0,entities,1,allocation,0,,0.0,0.0
16140,concern,0,entities,2,protection,382,0.0,0.0,0.0
16140,concern,0,entities,3,integrated,180,0.0,0.0,0.0
16140,concern,0,phase0,0,continuity,0,,0.0,0.0
16140,concern,0,phase0,1,allocation,0,,0.0,0.0
16140,concern,0,phase0,2,protection,382,0.0,0.0,0.0
16140,concern,0,phase0,3,integrated,180,0.0,0.0,0.0
16140,concern,0,phase1,0,continuity,0,,0.0,0.0
16140,concern,0,phase1,1,allocation,0,,0.0,0.0
16140,concern,0,phase1,2,protection,382,0.0,0.0,0.0
16140,concern,0,phase1,3,integrated,180,0.0,0.0,0.0
16140,concern,0,phase2,0,continuity,0,,0.0,0.0
16140,concern,0,phase2,1,allocation,0,,0.0,0.0
16140,concern,0,phase2,2,protection,382,0.0,0.0,0.0
16140,concern,0,phase2,3,integrated,180,0.0,0.0,0.0
16140,concern,0,phase3,0,continuity,0,,0.0,0.0
16140,concern,0,phase3,1,allocation,0,,0.0,0.0
16140,concern,0,phase3,2,protection,382,0.0,0.0,0.0
16140,concern,0,phase3,3,integrated,180,0.0,0.0,0.0
16140,concern,0,all_phases,0,continuity,0,,0.0,0.0
16140,concern,0,all_phases,1,allocation,0,,0.0,0.0
16140,concern,0,all_phases,2,protection,382,0.0,0.0,0.0
16140,concern,0,all_phases,3,integrated,180,0.0,0.0,0.0
16140,concern,1,identity_role,0,continuity,0,,0.0,0.0009769675089046
16140,concern,1,identity_role,1,allocation,0,,0.0,0.0002331065625185
16140,concern,1,identity_role,2,protection,382,0.0,0.0,0.0003312280459795
16140,concern,1,identity_role,3,integrated,180,0.0,0.0,0.0013148360885679
16140,concern,1,beneficiary_role,0,continuity,0,,0.0,5.962737486697733e-05
16140,concern,1,beneficiary_role,1,allocation,0,,0.0,0.0035921297967433
16140,concern,1,beneficiary_role,2,protection,382,0.0,0.0,0.0002626575005706
16140,concern,1,beneficiary_role,3,integrated,180,0.0,0.0,0.0016870241379365
16140,concern,1,concern_context,0,continuity,0,,0.0,0.0015762209659442
16140,concern,1,concern_context,1,allocation,0,,0.0,0.0096230804920196
16140,concern,1,concern_context,2,protection,382,0.7958115183246073,0.728,0.3466779887676239
16140,concern,1,concern_context,3,integrated,180,0.6,0.216,0.3165654838085174
16140,concern,1,entities,0,continuity,0,,0.0,0.0002808587742038
16140,concern,1,entities,1,allocation,0,,0.0,0.0054015438072383
16140,concern,1,entities,2,protection,382,0.0,0.0,0.0010861968621611
16140,concern,1,entities,3,integrated,180,0.0,0.0,0.0008989119669422
16140,concern,1,phase0,0,continuity,0,,0.0,0.0021110726520419
16140,concern,1,phase0,1,allocation,0,,0.0,0.0025801004376262
16140,concern,1,phase0,2,protection,382,0.0,0.0,0.0004094825999345
16140,concern,1,phase0,3,integrated,180,0.0,0.0,0.0002224628406111
16140,concern,1,phase1,0,continuity,0,,0.0,8.114680531434715e-05
16140,concern,1,phase1,1,allocation,0,,0.0,0.0121014360338449
16140,concern,1,phase1,2,protection,382,0.0,0.0,0.0008467456209473
16140,concern,1,phase1,3,integrated,180,0.0,0.0,0.0004283429589122
16140,concern,1,phase2,0,continuity,0,,0.0,0.0001290344225708
16140,concern,1,phase2,1,allocation,0,,0.0,0.004883833695203
16140,concern,1,phase2,2,protection,382,0.0366492146596858,0.166,0.065322645008564
16140,concern,1,phase2,3,integrated,180,0.0,0.0,0.0004259616544004
16140,concern,1,phase3,0,continuity,0,,0.0,0.0001311011292273
16140,concern,1,phase3,1,allocation,0,,0.0,0.0037010207306593
16140,concern,1,phase3,2,protection,382,0.0,0.0,0.0015051939990371
16140,concern,1,phase3,3,integrated,180,0.4333333333333333,0.156,0.0926840007305145
16140,concern,1,all_phases,0,continuity,0,,0.0,0.0021515015978366
16140,concern,1,all_phases,1,allocation,0,,0.0,0.010427663102746
16140,concern,1,all_phases,2,protection,382,0.0366492146596858,0.166,0.0650172978639602
16140,concern,1,all_phases,3,integrated,180,0.4222222222222222,0.152,0.0916376337409019
16140,concern,2,identity_role,0,continuity,0,,0.0,0.0
16140,concern,2,identity_role,1,allocation,0,,0.0,0.0
16140,concern,2,identity_role,2,protection,382,0.0,0.0,0.0
16140,concern,2,identity_role,3,integrated,180,0.0,0.0,0.0
16140,concern,2,beneficiary_role,0,continuity,0,,0.0,0.0
16140,concern,2,beneficiary_role,1,allocation,0,,0.0,0.0
16140,concern,2,beneficiary_role,2,protection,382,0.0,0.0,0.0
16140,concern,2,beneficiary_role,3,integrated,180,0.0,0.0,0.0
16140,concern,2,concern_context,0,continuity,0,,0.0,0.0
16140,concern,2,concern_context,1,allocation,0,,0.0,0.0
16140,concern,2,concern_context,2,protection,382,0.0,0.0,0.0
16140,concern,2,concern_context,3,integrated,180,0.0,0.0,0.0
16140,concern,2,entities,0,continuity,0,,0.0,0.0
16140,concern,2,entities,1,allocation,0,,0.0,0.0
16140,concern,2,entities,2,protection,382,0.0,0.0,0.0
16140,concern,2,entities,3,integrated,180,0.0,0.0,0.0
16140,concern,2,phase0,0,continuity,0,,0.0,0.0025335559621453
16140,concern,2,phase0,1,allocation,0,,0.0,0.0
16140,concern,2,phase0,2,protection,382,0.0,0.0,0.0
16140,concern,2,phase0,3,integrated,180,0.0,0.0,0.0
16140,concern,2,phase1,0,continuity,0,,0.0,0.0
16140,concern,2,phase1,1,allocation,0,,0.0,0.0113186920061707
16140,concern,2,phase1,2,protection,382,0.0,0.0,0.0
16140,concern,2,phase1,3,integrated,180,0.0,0.0,0.0
16140,concern,2,phase2,0,continuity,0,,0.0,0.0
16140,concern,2,phase2,1,allocation,0,,0.0,0.0
16140,concern,2,phase2,2,protection,382,1.0,0.764,0.3057659864425659
16140,concern,2,phase2,3,integrated,180,0.0,0.0,0.0
16140,concern,2,phase3,0,continuity,0,,0.0,0.0
16140,concern,2,phase3,1,allocation,0,,0.0,0.0
16140,concern,2,phase3,2,protection,382,0.0,0.0,0.0
16140,concern,2,phase3,3,integrated,180,1.0,0.36,0.3153834342956543
16140,concern,2,all_phases,0,continuity,0,,0.0,0.0025335559621453
16140,concern,2,all_phases,1,allocation,0,,0.0,0.0113186920061707
16140,concern,2,all_phases,2,protection,382,1.0,0.764,0.3057659864425659
16140,concern,2,all_phases,3,integrated,180,1.0,0.36,0.3153834342956543
16141,identity,0,identity_role,0,continuity,112,1.0,0.7466666666666667,0.4979127645492553
16141,identity,0,identity_role,1,allocation,0,,0.0,0.0162639841437339
16141,identity,0,identity_role,2,protection,0,,0.0,0.0129074798896908
16141,identity,0,identity_role,3,integrated,77,1.0,0.5133333333333333,0.0350039489567279
16141,identity,0,beneficiary_role,0,continuity,112,0.0,0.0,0.0
16141,identity,0,beneficiary_role,1,allocation,0,,0.0,0.0
16141,identity,0,beneficiary_role,2,protection,0,,0.0,0.0
16141,identity,0,beneficiary_role,3,integrated,77,0.0,0.0,0.0
16141,identity,0,concern_context,0,continuity,112,0.0,0.0,0.0
16141,identity,0,concern_context,1,allocation,0,,0.0,0.0
16141,identity,0,concern_context,2,protection,0,,0.0,0.0
16141,identity,0,concern_context,3,integrated,77,0.0,0.0,0.0
16141,identity,0,entities,0,continuity,112,0.0,0.0,0.0
16141,identity,0,entities,1,allocation,0,,0.0,0.0
16141,identity,0,entities,2,protection,0,,0.0,0.0
16141,identity,0,entities,3,integrated,77,0.0,0.0,0.0
16141,identity,0,phase0,0,continuity,112,0.0,0.0,0.0
16141,identity,0,phase0,1,allocation,0,,0.0,0.0
16141,identity,0,phase0,2,protection,0,,0.0,0.0
16141,identity,0,phase0,3,integrated,77,0.0,0.0,0.0
16141,identity,0,phase1,0,continuity,112,0.0,0.0,0.0
16141,identity,0,phase1,1,allocation,0,,0.0,0.0
16141,identity,0,phase1,2,protection,0,,0.0,0.0
16141,identity,0,phase1,3,integrated,77,0.0,0.0,0.0
16141,identity,0,phase2,0,continuity,112,0.0,0.0,0.0
16141,identity,0,phase2,1,allocation,0,,0.0,0.0
16141,identity,0,phase2,2,protection,0,,0.0,0.0
16141,identity,0,phase2,3,integrated,77,0.0,0.0,0.0
16141,identity,0,phase3,0,continuity,112,0.0,0.0,0.0
16141,identity,0,phase3,1,allocation,0,,0.0,0.0
16141,identity,0,phase3,2,protection,0,,0.0,0.0
16141,identity,0,phase3,3,integrated,77,0.0,0.0,0.0
16141,identity,0,all_phases,0,continuity,112,0.0,0.0,0.0
16141,identity,0,all_phases,1,allocation,0,,0.0,0.0
16141,identity,0,all_phases,2,protection,0,,0.0,0.0
16141,identity,0,all_phases,3,integrated,77,0.0,0.0,0.0
16141,identity,1,identity_role,0,continuity,112,0.0,0.0066666666666666,0.006843292620033
16141,identity,1,identity_role,1,allocation,0,,0.0,0.0070107262581586
16141,identity,1,identity_role,2,protection,0,,0.0,0.01128566917032
16141,identity,1,identity_role,3,integrated,77,0.5454545454545454,0.2933333333333333,0.0443860068917274
16141,identity,1,beneficiary_role,0,continuity,112,0.0,0.0,7.468733383575454e-05
16141,identity,1,beneficiary_role,1,allocation,0,,0.0,0.0115217482671141
16141,identity,1,beneficiary_role,2,protection,0,,0.0,0.0008373319287784
16141,identity,1,beneficiary_role,3,integrated,77,0.0,0.0,0.0016654848586767
16141,identity,1,concern_context,0,continuity,112,0.0,0.0,1.3286452485772315e-05
16141,identity,1,concern_context,1,allocation,0,,0.0,0.0022135900799185
16141,identity,1,concern_context,2,protection,0,,0.0,0.000288694165647
16141,identity,1,concern_context,3,integrated,77,0.0,0.0,0.000698308518622
16141,identity,1,entities,0,continuity,112,0.0,0.0,0.0012430194765329
16141,identity,1,entities,1,allocation,0,,0.0,0.0150292366743087
16141,identity,1,entities,2,protection,0,,0.0,0.0107513787224888
16141,identity,1,entities,3,integrated,77,0.0389610389610389,0.0266666666666666,0.0256042219698429
16141,identity,1,phase0,0,continuity,112,0.9553571428571428,0.7466666666666667,0.4915258884429931
16141,identity,1,phase0,1,allocation,0,,0.0,0.0109450910240411
16141,identity,1,phase0,2,protection,0,,0.0,0.0070827072486281
16141,identity,1,phase0,3,integrated,77,0.0,0.0,0.0094096660614013
16141,identity,1,phase1,0,continuity,112,0.0,0.0,4.6941186155891046e-05
16141,identity,1,phase1,1,allocation,0,,0.0,0.0032294590491801
16141,identity,1,phase1,2,protection,0,,0.0,0.0001114903134293
16141,identity,1,phase1,3,integrated,77,0.0,0.0,1.8631906641530804e-05
16141,identity,1,phase2,0,continuity,112,0.0,0.0,7.34009372536093e-05
16141,identity,1,phase2,1,allocation,0,,0.0,0.0008258356829173
16141,identity,1,phase2,2,protection,0,,0.0,0.0125839440152049
16141,identity,1,phase2,3,integrated,77,0.0,0.0,0.0001872727880254
16141,identity,1,phase3,0,continuity,112,0.0,0.0,7.848514360375702e-05
16141,identity,1,phase3,1,allocation,0,,0.0,0.0012682408560067
16141,identity,1,phase3,2,protection,0,,0.0,0.001159799285233
16141,identity,1,phase3,3,integrated,77,0.3766233766233766,0.2,0.0329343676567077
16141,identity,1,all_phases,0,continuity,112,0.9553571428571428,0.7466666666666667,0.4917537868022918
16141,identity,1,all_phases,1,allocation,0,,0.0,0.0102970357984304
16141,identity,1,all_phases,2,protection,0,,0.0,0.0125604700297117
16141,identity,1,all_phases,3,integrated,77,0.3636363636363636,0.1933333333333333,0.0322431474924087
16141,identity,2,identity_role,0,continuity,112,0.0,0.0,0.0
16141,identity,2,identity_role,1,allocation,0,,0.0,0.0
16141,identity,2,identity_role,2,protection,0,,0.0,0.0
16141,identity,2,identity_role,3,integrated,77,0.0,0.0,0.0
16141,identity,2,beneficiary_role,0,continuity,112,0.0,0.0,0.0
16141,identity,2,beneficiary_role,1,allocation,0,,0.0,0.0
16141,identity,2,beneficiary_role,2,protection,0,,0.0,0.0
16141,identity,2,beneficiary_role,3,integrated,77,0.0,0.0,0.0
16141,identity,2,concern_context,0,continuity,112,0.0,0.0,0.0
16141,identity,2,concern_context,1,allocation,0,,0.0,0.0
16141,identity,2,concern_context,2,protection,0,,0.0,0.0
16141,identity,2,concern_context,3,integrated,77,0.0,0.0,0.0
16141,identity,2,entities,0,continuity,112,0.0,0.0,0.0
16141,identity,2,entities,1,allocation,0,,0.0,0.0
16141,identity,2,entities,2,protection,0,,0.0,0.0
16141,identity,2,entities,3,integrated,77,0.0,0.0,0.0
16141,identity,2,phase0,0,continuity,112,1.0,0.7466666666666667,0.4979127645492553
16141,identity,2,phase0,1,allocation,0,,0.0,0.0
16141,identity,2,phase0,2,protection,0,,0.0,0.0
16141,identity,2,phase0,3,integrated,77,0.0,0.0,0.0
16141,identity,2,phase1,0,continuity,112,0.0,0.0,0.0
16141,identity,2,phase1,1,allocation,0,,0.0,0.0162639841437339
16141,identity,2,phase1,2,protection,0,,0.0,0.0
16141,identity,2,phase1,3,integrated,77,0.0,0.0,0.0
16141,identity,2,phase2,0,continuity,112,0.0,0.0,0.0
16141,identity,2,phase2,1,allocation,0,,0.0,0.0
16141,identity,2,phase2,2,protection,0,,0.0,0.0129074798896908
16141,identity,2,phase2,3,integrated,77,0.0,0.0,0.0
16141,identity,2,phase3,0,continuity,112,0.0,0.0,0.0
16141,identity,2,phase3,1,allocation,0,,0.0,0.0
16141,identity,2,phase3,2,protection,0,,0.0,0.0
16141,identity,2,phase3,3,integrated,77,1.0,0.5133333333333333,0.0350039489567279
16141,identity,2,all_phases,0,continuity,112,1.0,0.7466666666666667,0.4979127645492553
16141,identity,2,all_phases,1,allocation,0,,0.0,0.0162639841437339
16141,identity,2,all_phases,2,protection,0,,0.0,0.0129074798896908
16141,identity,2,all_phases,3,integrated,77,1.0,0.5133333333333333,0.0350039489567279
16141,beneficiary,0,identity_role,0,continuity,0,,0.0,0.0
16141,beneficiary,0,identity_role,1,allocation,106,0.0,0.0,0.0
16141,beneficiary,0,identity_role,2,protection,0,,0.0,0.0
16141,beneficiary,0,identity_role,3,integrated,85,0.0,0.0,0.0
16141,beneficiary,0,beneficiary_role,0,continuity,0,,0.0,0.0022173817269504
16141,beneficiary,0,beneficiary_role,1,allocation,106,1.0,0.7066666666666667,0.2539959847927093
16141,beneficiary,0,beneficiary_role,2,protection,0,,0.0,0.0144950449466705
16141,beneficiary,0,beneficiary_role,3,integrated,85,1.0,0.5666666666666667,0.0411356166005134
16141,beneficiary,0,concern_context,0,continuity,0,,0.0,0.0
16141,beneficiary,0,concern_context,1,allocation,106,0.0,0.0,0.0
16141,beneficiary,0,concern_context,2,protection,0,,0.0,0.0
16141,beneficiary,0,concern_context,3,integrated,85,0.0,0.0,0.0
16141,beneficiary,0,entities,0,continuity,0,,0.0,0.0
16141,beneficiary,0,entities,1,allocation,106,0.0,0.0,0.0
16141,beneficiary,0,entities,2,protection,0,,0.0,0.0
16141,beneficiary,0,entities,3,integrated,85,0.0,0.0,0.0
16141,beneficiary,0,phase0,0,continuity,0,,0.0,0.0
16141,beneficiary,0,phase0,1,allocation,106,0.0,0.0,0.0
16141,beneficiary,0,phase0,2,protection,0,,0.0,0.0
16141,beneficiary,0,phase0,3,integrated,85,0.0,0.0,0.0
16141,beneficiary,0,phase1,0,continuity,0,,0.0,0.0
16141,beneficiary,0,phase1,1,allocation,106,0.0,0.0,0.0
16141,beneficiary,0,phase1,2,protection,0,,0.0,0.0
16141,beneficiary,0,phase1,3,integrated,85,0.0,0.0,0.0
16141,beneficiary,0,phase2,0,continuity,0,,0.0,0.0
16141,beneficiary,0,phase2,1,allocation,106,0.0,0.0,0.0
16141,beneficiary,0,phase2,2,protection,0,,0.0,0.0
16141,beneficiary,0,phase2,3,integrated,85,0.0,0.0,0.0
16141,beneficiary,0,phase3,0,continuity,0,,0.0,0.0
16141,beneficiary,0,phase3,1,allocation,106,0.0,0.0,0.0
16141,beneficiary,0,phase3,2,protection,0,,0.0,0.0
16141,beneficiary,0,phase3,3,integrated,85,0.0,0.0,0.0
16141,beneficiary,0,all_phases,0,continuity,0,,0.0,0.0
16141,beneficiary,0,all_phases,1,allocation,106,0.0,0.0,0.0
16141,beneficiary,0,all_phases,2,protection,0,,0.0,0.0
16141,beneficiary,0,all_phases,3,integrated,85,0.0,0.0,0.0
16141,beneficiary,1,identity_role,0,continuity,0,,0.0,0.0002062768908217
16141,beneficiary,1,identity_role,1,allocation,106,0.0,0.0,0.0007782183820381
16141,beneficiary,1,identity_role,2,protection,0,,0.0,0.0011223836336284
16141,beneficiary,1,identity_role,3,integrated,85,0.0,0.0,0.0040473351255059
16141,beneficiary,1,beneficiary_role,0,continuity,0,,0.0,0.0004858356842305
16141,beneficiary,1,beneficiary_role,1,allocation,106,0.0094339622641509,0.02,0.0498156622052192
16141,beneficiary,1,beneficiary_role,2,protection,0,,0.0,0.0062476927414536
16141,beneficiary,1,beneficiary_role,3,integrated,85,0.0,0.0,0.0153306070715188
16141,beneficiary,1,concern_context,0,continuity,0,,0.0,4.88608748128172e-05
16141,beneficiary,1,concern_context,1,allocation,106,0.0,0.0,0.010942087508738
16141,beneficiary,1,concern_context,2,protection,0,,0.0,0.0006823833682574
16141,beneficiary,1,concern_context,3,integrated,85,0.0,0.0,0.0021309058647602
16141,beneficiary,1,entities,0,continuity,0,,0.0,0.0017448208527639
16141,beneficiary,1,entities,1,allocation,106,0.0,0.0,0.014878743328154
16141,beneficiary,1,entities,2,protection,0,,0.0,0.0108761489391326
16141,beneficiary,1,entities,3,integrated,85,0.0,0.0,0.0204552635550498
16141,beneficiary,1,phase0,0,continuity,0,,0.0,0.0002518420806154
16141,beneficiary,1,phase0,1,allocation,106,0.0,0.0,0.0002599252620711
16141,beneficiary,1,phase0,2,protection,0,,0.0,9.218831837642938e-05
16141,beneficiary,1,phase0,3,integrated,85,0.0,0.0,4.495526081882417e-05
16141,beneficiary,1,phase1,0,continuity,0,,0.0,0.001647125929594
16141,beneficiary,1,phase1,1,allocation,106,0.9245283018867924,0.6666666666666666,0.2724556624889374
16141,beneficiary,1,phase1,2,protection,0,,0.0,0.0060309567488729
16141,beneficiary,1,phase1,3,integrated,85,0.0,0.0,0.0011886622523888
16141,beneficiary,1,phase2,0,continuity,0,,0.0,9.690334263723344e-05
16141,beneficiary,1,phase2,1,allocation,106,0.0,0.0,0.0037647234275937
16141,beneficiary,1,phase2,2,protection,0,,0.0,0.0122364740818738
16141,beneficiary,1,phase2,3,integrated,85,0.0,0.0,0.0003679226210806
16141,beneficiary,1,phase3,0,continuity,0,,0.0,0.0001815395226003
16141,beneficiary,1,phase3,1,allocation,106,0.0,0.0,0.0071119214408099
16141,beneficiary,1,phase3,2,protection,0,,0.0,0.0028399571310728
16141,beneficiary,1,phase3,3,integrated,85,1.0,0.5666666666666667,0.0473406426608562
16141,beneficiary,1,all_phases,0,continuity,0,,0.0,0.0019483597716316
16141,beneficiary,1,all_phases,1,allocation,106,0.9622641509433962,0.6866666666666666,0.2747673988342285
16141,beneficiary,1,all_phases,2,protection,0,,0.0,0.0116524081677198
16141,beneficiary,1,all_phases,3,integrated,85,1.0,0.5666666666666667,0.0470764674246311
16141,beneficiary,2,identity_role,0,continuity,0,,0.0,0.0
16141,beneficiary,2,identity_role,1,allocation,106,0.0,0.0,0.0
16141,beneficiary,2,identity_role,2,protection,0,,0.0,0.0
16141,beneficiary,2,identity_role,3,integrated,85,0.0,0.0,0.0
16141,beneficiary,2,beneficiary_role,0,continuity,0,,0.0,0.0
16141,beneficiary,2,beneficiary_role,1,allocation,106,0.0,0.0,0.0
16141,beneficiary,2,beneficiary_role,2,protection,0,,0.0,0.0
16141,beneficiary,2,beneficiary_role,3,integrated,85,0.0,0.0,0.0
16141,beneficiary,2,concern_context,0,continuity,0,,0.0,0.0
16141,beneficiary,2,concern_context,1,allocation,106,0.0,0.0,0.0
16141,beneficiary,2,concern_context,2,protection,0,,0.0,0.0
16141,beneficiary,2,concern_context,3,integrated,85,0.0,0.0,0.0
16141,beneficiary,2,entities,0,continuity,0,,0.0,0.0
16141,beneficiary,2,entities,1,allocation,106,0.0,0.0,0.0
16141,beneficiary,2,entities,2,protection,0,,0.0,0.0
16141,beneficiary,2,entities,3,integrated,85,0.0,0.0,0.0
16141,beneficiary,2,phase0,0,continuity,0,,0.0,0.0022173817269504
16141,beneficiary,2,phase0,1,allocation,106,0.0,0.0,0.0
16141,beneficiary,2,phase0,2,protection,0,,0.0,0.0
16141,beneficiary,2,phase0,3,integrated,85,0.0,0.0,0.0
16141,beneficiary,2,phase1,0,continuity,0,,0.0,0.0
16141,beneficiary,2,phase1,1,allocation,106,1.0,0.7066666666666667,0.2539959847927093
16141,beneficiary,2,phase1,2,protection,0,,0.0,0.0
16141,beneficiary,2,phase1,3,integrated,85,0.0,0.0,0.0
16141,beneficiary,2,phase2,0,continuity,0,,0.0,0.0
16141,beneficiary,2,phase2,1,allocation,106,0.0,0.0,0.0
16141,beneficiary,2,phase2,2,protection,0,,0.0,0.0144950449466705
16141,beneficiary,2,phase2,3,integrated,85,0.0,0.0,0.0
16141,beneficiary,2,phase3,0,continuity,0,,0.0,0.0
16141,beneficiary,2,phase3,1,allocation,106,0.0,0.0,0.0
16141,beneficiary,2,phase3,2,protection,0,,0.0,0.0
16141,beneficiary,2,phase3,3,integrated,85,1.0,0.5666666666666667,0.0411356166005134
16141,beneficiary,2,all_phases,0,continuity,0,,0.0,0.0022173817269504
16141,beneficiary,2,all_phases,1,allocation,106,1.0,0.7066666666666667,0.2539959847927093
16141,beneficiary,2,all_phases,2,protection,0,,0.0,0.0144950449466705
16141,beneficiary,2,all_phases,3,integrated,85,1.0,0.5666666666666667,0.0411356166005134
16141,concern,0,identity_role,0,continuity,0,,0.0,0.0
16141,concern,0,identity_role,1,allocation,0,,0.0,0.0
16141,concern,0,identity_role,2,protection,115,0.0,0.0,0.0
16141,concern,0,identity_role,3,integrated,51,0.0,0.0,0.0
16141,concern,0,beneficiary_role,0,continuity,0,,0.0,0.0
16141,concern,0,beneficiary_role,1,allocation,0,,0.0,0.0
16141,concern,0,beneficiary_role,2,protection,115,0.0,0.0,0.0
16141,concern,0,beneficiary_role,3,integrated,51,0.0,0.0,0.0
16141,concern,0,concern_context,0,continuity,0,,0.0,0.0017334894509986
16141,concern,0,concern_context,1,allocation,0,,0.0,0.0139873996376991
16141,concern,0,concern_context,2,protection,115,1.0,0.7666666666666667,0.3155345618724823
16141,concern,0,concern_context,3,integrated,51,1.0,0.34,0.3128851950168609
16141,concern,0,entities,0,continuity,0,,0.0,0.0
16141,concern,0,entities,1,allocation,0,,0.0,0.0
16141,concern,0,entities,2,protection,115,0.0,0.0,0.0
16141,concern,0,entities,3,integrated,51,0.0,0.0,0.0
16141,concern,0,phase0,0,continuity,0,,0.0,0.0
16141,concern,0,phase0,1,allocation,0,,0.0,0.0
16141,concern,0,phase0,2,protection,115,0.0,0.0,0.0
16141,concern,0,phase0,3,integrated,51,0.0,0.0,0.0
16141,concern,0,phase1,0,continuity,0,,0.0,0.0
16141,concern,0,phase1,1,allocation,0,,0.0,0.0
16141,concern,0,phase1,2,protection,115,0.0,0.0,0.0
16141,concern,0,phase1,3,integrated,51,0.0,0.0,0.0
16141,concern,0,phase2,0,continuity,0,,0.0,0.0
16141,concern,0,phase2,1,allocation,0,,0.0,0.0
16141,concern,0,phase2,2,protection,115,0.0,0.0,0.0
16141,concern,0,phase2,3,integrated,51,0.0,0.0,0.0
16141,concern,0,phase3,0,continuity,0,,0.0,0.0
16141,concern,0,phase3,1,allocation,0,,0.0,0.0
16141,concern,0,phase3,2,protection,115,0.0,0.0,0.0
16141,concern,0,phase3,3,integrated,51,0.0,0.0,0.0
16141,concern,0,all_phases,0,continuity,0,,0.0,0.0
16141,concern,0,all_phases,1,allocation,0,,0.0,0.0
16141,concern,0,all_phases,2,protection,115,0.0,0.0,0.0
16141,concern,0,all_phases,3,integrated,51,0.0,0.0,0.0
16141,concern,1,identity_role,0,continuity,0,,0.0,0.0003848519409075
16141,concern,1,identity_role,1,allocation,0,,0.0,0.0009543828200548
16141,concern,1,identity_role,2,protection,115,0.0,0.0,0.0029687590431421
16141,concern,1,identity_role,3,integrated,51,0.0,0.0,0.0066710207611322
16141,concern,1,beneficiary_role,0,continuity,0,,0.0,0.0001060218855855
16141,concern,1,beneficiary_role,1,allocation,0,,0.0,0.0106238173320889
16141,concern,1,beneficiary_role,2,protection,115,0.0,0.0,0.0020299761090427
16141,concern,1,beneficiary_role,3,integrated,51,0.0,0.0,0.0022110119462013
16141,concern,1,concern_context,0,continuity,0,,0.0,0.0001650823978707
16141,concern,1,concern_context,1,allocation,0,,0.0,0.0121290730312466
16141,concern,1,concern_context,2,protection,115,0.0,0.0,0.0014558583498001
16141,concern,1,concern_context,3,integrated,51,0.0,0.0,0.0021844764705747
16141,concern,1,entities,0,continuity,0,,0.0,0.0003965536307077
16141,concern,1,entities,1,allocation,0,,0.0,0.0027875294908881
16141,concern,1,entities,2,protection,115,0.0,0.0,0.0046211113221943
16141,concern,1,entities,3,integrated,51,0.0,0.0,0.0041953604668378
16141,concern,1,phase0,0,continuity,0,,0.0,0.0008015154744498
16141,concern,1,phase0,1,allocation,0,,0.0,0.0012432201765477
16141,concern,1,phase0,2,protection,115,0.0,0.0,0.0002483865246176
16141,concern,1,phase0,3,integrated,51,0.0,0.0,0.0001712127705104
16141,concern,1,phase1,0,continuity,0,,0.0,0.0002912277122959
16141,concern,1,phase1,1,allocation,0,,0.0,0.0199983976781368
16141,concern,1,phase1,2,protection,115,0.0,0.0,0.0008471962064504
16141,concern,1,phase1,3,integrated,51,0.0,0.0,0.0002962539147119
16141,concern,1,phase2,0,continuity,0,,0.0,0.0006167308310978
16141,concern,1,phase2,1,allocation,0,,0.0,0.0106235770508646
16141,concern,1,phase2,2,protection,115,1.0,0.7666666666666667,0.3174840807914734
16141,concern,1,phase2,3,integrated,51,0.0,0.0,0.0043703611008822
16141,concern,1,phase3,0,continuity,0,,0.0,0.0001245160092366
16141,concern,1,phase3,1,allocation,0,,0.0,0.0034350387286394
16141,concern,1,phase3,2,protection,115,0.0,0.0,0.0023579157423228
16141,concern,1,phase3,3,integrated,51,1.0,0.34,0.3153798878192901
16141,concern,1,all_phases,0,continuity,0,,0.0,0.0013174925697967
16141,concern,1,all_phases,1,allocation,0,,0.0,0.0173735320568084
16141,concern,1,all_phases,2,protection,115,1.0,0.7666666666666667,0.3173680901527405
16141,concern,1,all_phases,3,integrated,51,1.0,0.34,0.3147665560245514
16141,concern,2,identity_role,0,continuity,0,,0.0,0.0
16141,concern,2,identity_role,1,allocation,0,,0.0,0.0
16141,concern,2,identity_role,2,protection,115,0.0,0.0,0.0
16141,concern,2,identity_role,3,integrated,51,0.0,0.0,0.0
16141,concern,2,beneficiary_role,0,continuity,0,,0.0,0.0
16141,concern,2,beneficiary_role,1,allocation,0,,0.0,0.0
16141,concern,2,beneficiary_role,2,protection,115,0.0,0.0,0.0
16141,concern,2,beneficiary_role,3,integrated,51,0.0,0.0,0.0
16141,concern,2,concern_context,0,continuity,0,,0.0,0.0
16141,concern,2,concern_context,1,allocation,0,,0.0,0.0
16141,concern,2,concern_context,2,protection,115,0.0,0.0,0.0
16141,concern,2,concern_context,3,integrated,51,0.0,0.0,0.0
16141,concern,2,entities,0,continuity,0,,0.0,0.0
16141,concern,2,entities,1,allocation,0,,0.0,0.0
16141,concern,2,entities,2,protection,115,0.0,0.0,0.0
16141,concern,2,entities,3,integrated,51,0.0,0.0,0.0
16141,concern,2,phase0,0,continuity,0,,0.0,0.0017334894509986
16141,concern,2,phase0,1,allocation,0,,0.0,0.0
16141,concern,2,phase0,2,protection,115,0.0,0.0,0.0
16141,concern,2,phase0,3,integrated,51,0.0,0.0,0.0
16141,concern,2,phase1,0,continuity,0,,0.0,0.0
16141,concern,2,phase1,1,allocation,0,,0.0,0.0139873996376991
16141,concern,2,phase1,2,protection,115,0.0,0.0,0.0
16141,concern,2,phase1,3,integrated,51,0.0,0.0,0.0
16141,concern,2,phase2,0,continuity,0,,0.0,0.0
16141,concern,2,phase2,1,allocation,0,,0.0,0.0
16141,concern,2,phase2,2,protection,115,1.0,0.7666666666666667,0.3155345618724823
16141,concern,2,phase2,3,integrated,51,0.0,0.0,0.0
16141,concern,2,phase3,0,continuity,0,,0.0,0.0
16141,concern,2,phase3,1,allocation,0,,0.0,0.0
16141,concern,2,phase3,2,protection,115,0.0,0.0,0.0
16141,concern,2,phase3,3,integrated,51,1.0,0.34,0.3128851950168609
16141,concern,2,all_phases,0,continuity,0,,0.0,0.0017334894509986
16141,concern,2,all_phases,1,allocation,0,,0.0,0.0139873996376991
16141,concern,2,all_phases,2,protection,115,1.0,0.7666666666666667,0.3155345618724823
16141,concern,2,all_phases,3,integrated,51,1.0,0.34,0.3128851950168609
16142,identity,0,identity_role,0,continuity,109,1.0,0.7266666666666667,0.4802385568618774
16142,identity,0,identity_role,1,allocation,0,,0.0,0.0186417195945978
16142,identity,0,identity_role,2,protection,0,,0.0,0.015246707946062
16142,identity,0,identity_role,3,integrated,74,1.0,0.4933333333333333,0.0338008478283882
16142,identity,0,beneficiary_role,0,continuity,109,0.0,0.0,0.0
16142,identity,0,beneficiary_role,1,allocation,0,,0.0,0.0
16142,identity,0,beneficiary_role,2,protection,0,,0.0,0.0
16142,identity,0,beneficiary_role,3,integrated,74,0.0,0.0,0.0
16142,identity,0,concern_context,0,continuity,109,0.0,0.0,0.0
16142,identity,0,concern_context,1,allocation,0,,0.0,0.0
16142,identity,0,concern_context,2,protection,0,,0.0,0.0
16142,identity,0,concern_context,3,integrated,74,0.0,0.0,0.0
16142,identity,0,entities,0,continuity,109,0.0,0.0,0.0
16142,identity,0,entities,1,allocation,0,,0.0,0.0
16142,identity,0,entities,2,protection,0,,0.0,0.0
16142,identity,0,entities,3,integrated,74,0.0,0.0,0.0
16142,identity,0,phase0,0,continuity,109,0.0,0.0,0.0
16142,identity,0,phase0,1,allocation,0,,0.0,0.0
16142,identity,0,phase0,2,protection,0,,0.0,0.0
16142,identity,0,phase0,3,integrated,74,0.0,0.0,0.0
16142,identity,0,phase1,0,continuity,109,0.0,0.0,0.0
16142,identity,0,phase1,1,allocation,0,,0.0,0.0
16142,identity,0,phase1,2,protection,0,,0.0,0.0
16142,identity,0,phase1,3,integrated,74,0.0,0.0,0.0
16142,identity,0,phase2,0,continuity,109,0.0,0.0,0.0
16142,identity,0,phase2,1,allocation,0,,0.0,0.0
16142,identity,0,phase2,2,protection,0,,0.0,0.0
16142,identity,0,phase2,3,integrated,74,0.0,0.0,0.0
16142,identity,0,phase3,0,continuity,109,0.0,0.0,0.0
16142,identity,0,phase3,1,allocation,0,,0.0,0.0
16142,identity,0,phase3,2,protection,0,,0.0,0.0
16142,identity,0,phase3,3,integrated,74,0.0,0.0,0.0
16142,identity,0,all_phases,0,continuity,109,0.0,0.0,0.0
16142,identity,0,all_phases,1,allocation,0,,0.0,0.0
16142,identity,0,all_phases,2,protection,0,,0.0,0.0
16142,identity,0,all_phases,3,integrated,74,0.0,0.0,0.0
16142,identity,1,identity_role,0,continuity,109,0.0275229357798165,0.04,0.0480245240032672
16142,identity,1,identity_role,1,allocation,0,,0.0,0.0168952886015176
16142,identity,1,identity_role,2,protection,0,,0.0,0.0101729873567819
16142,identity,1,identity_role,3,integrated,74,0.8783783783783784,0.4466666666666666,0.0429347343742847
16142,identity,1,beneficiary_role,0,continuity,109,0.0,0.0,7.54759312258102e-05
16142,identity,1,beneficiary_role,1,allocation,0,,0.0,0.0017955156508833
16142,identity,1,beneficiary_role,2,protection,0,,0.0,0.0014752227580174
16142,identity,1,beneficiary_role,3,integrated,74,0.0,0.0,0.0030993563123047
16142,identity,1,concern_context,0,continuity,109,0.0,0.0,0.0001513380120741
16142,identity,1,concern_context,1,allocation,0,,0.0,0.0018353954656049
16142,identity,1,concern_context,2,protection,0,,0.0,0.0090186838060617
16142,identity,1,concern_context,3,integrated,74,0.0,0.0,0.0061421003192663
16142,identity,1,entities,0,continuity,109,0.0,0.0,0.0004885048256255
16142,identity,1,entities,1,allocation,0,,0.0,0.0059299590066075
16142,identity,1,entities,2,protection,0,,0.0,0.001854648347944
16142,identity,1,entities,3,integrated,74,0.0,0.0,0.0012503003235906
16142,identity,1,phase0,0,continuity,109,0.944954128440367,0.7,0.4456088244915008
16142,identity,1,phase0,1,allocation,0,,0.0,0.0128151839599013
16142,identity,1,phase0,2,protection,0,,0.0,0.0084956530481576
16142,identity,1,phase0,3,integrated,74,0.1891891891891892,0.1066666666666666,0.0321868509054183
16142,identity,1,phase1,0,continuity,109,0.0,0.0,1.1837487363663968e-05
16142,identity,1,phase1,1,allocation,0,,0.0,0.0015522773610427
16142,identity,1,phase1,2,protection,0,,0.0,3.991026460425928e-05
16142,identity,1,phase1,3,integrated,74,0.0,0.0,0.000192003295524
16142,identity,1,phase2,0,continuity,109,0.0,0.0,1.5742347386549227e-05
16142,identity,1,phase2,1,allocation,0,,0.0,9.526623762212694e-05
16142,identity,1,phase2,2,protection,0,,0.0,0.008594206534326
16142,identity,1,phase2,3,integrated,74,0.0,0.0,0.0001459407794754
16142,identity,1,phase3,0,continuity,109,0.0,0.0,2.260386827401817e-05
16142,identity,1,phase3,1,allocation,0,,0.0,0.0007734439568594
16142,identity,1,phase3,2,protection,0,,0.0,0.0011093193897977
16142,identity,1,phase3,3,integrated,74,0.0,0.0,0.0083601837977766
16142,identity,1,all_phases,0,continuity,109,0.944954128440367,0.7,0.4456779360771179
16142,identity,1,all_phases,1,allocation,0,,0.0,0.0137311397120356
16142,identity,1,all_phases,2,protection,0,,0.0,0.0101943183690309
16142,identity,1,all_phases,3,integrated,74,0.2162162162162162,0.12,0.0294639263302087
16142,identity,2,identity_role,0,continuity,109,0.0,0.0,0.0
16142,identity,2,identity_role,1,allocation,0,,0.0,0.0
16142,identity,2,identity_role,2,protection,0,,0.0,0.0
16142,identity,2,identity_role,3,integrated,74,0.0,0.0,0.0
16142,identity,2,beneficiary_role,0,continuity,109,0.0,0.0,0.0
16142,identity,2,beneficiary_role,1,allocation,0,,0.0,0.0
16142,identity,2,beneficiary_role,2,protection,0,,0.0,0.0
16142,identity,2,beneficiary_role,3,integrated,74,0.0,0.0,0.0
16142,identity,2,concern_context,0,continuity,109,0.0,0.0,0.0
16142,identity,2,concern_context,1,allocation,0,,0.0,0.0
16142,identity,2,concern_context,2,protection,0,,0.0,0.0
16142,identity,2,concern_context,3,integrated,74,0.0,0.0,0.0
16142,identity,2,entities,0,continuity,109,0.0,0.0,0.0
16142,identity,2,entities,1,allocation,0,,0.0,0.0
16142,identity,2,entities,2,protection,0,,0.0,0.0
16142,identity,2,entities,3,integrated,74,0.0,0.0,0.0
16142,identity,2,phase0,0,continuity,109,1.0,0.7266666666666667,0.4802385568618774
16142,identity,2,phase0,1,allocation,0,,0.0,0.0
16142,identity,2,phase0,2,protection,0,,0.0,0.0
16142,identity,2,phase0,3,integrated,74,0.0,0.0,0.0
16142,identity,2,phase1,0,continuity,109,0.0,0.0,0.0
16142,identity,2,phase1,1,allocation,0,,0.0,0.0186417195945978
16142,identity,2,phase1,2,protection,0,,0.0,0.0
16142,identity,2,phase1,3,integrated,74,0.0,0.0,0.0
16142,identity,2,phase2,0,continuity,109,0.0,0.0,0.0
16142,identity,2,phase2,1,allocation,0,,0.0,0.0
16142,identity,2,phase2,2,protection,0,,0.0,0.015246707946062
16142,identity,2,phase2,3,integrated,74,0.0,0.0,0.0
16142,identity,2,phase3,0,continuity,109,0.0,0.0,0.0
16142,identity,2,phase3,1,allocation,0,,0.0,0.0
16142,identity,2,phase3,2,protection,0,,0.0,0.0
16142,identity,2,phase3,3,integrated,74,1.0,0.4933333333333333,0.0338008478283882
16142,identity,2,all_phases,0,continuity,109,1.0,0.7266666666666667,0.4802385568618774
16142,identity,2,all_phases,1,allocation,0,,0.0,0.0186417195945978
16142,identity,2,all_phases,2,protection,0,,0.0,0.015246707946062
16142,identity,2,all_phases,3,integrated,74,1.0,0.4933333333333333,0.0338008478283882
16142,beneficiary,0,identity_role,0,continuity,0,,0.0,0.0
16142,beneficiary,0,identity_role,1,allocation,112,0.0,0.0,0.0
16142,beneficiary,0,identity_role,2,protection,0,,0.0,0.0
16142,beneficiary,0,identity_role,3,integrated,85,0.0,0.0,0.0
16142,beneficiary,0,beneficiary_role,0,continuity,0,,0.0,0.0028066709637641
16142,beneficiary,0,beneficiary_role,1,allocation,112,1.0,0.7466666666666667,0.2477028667926788
16142,beneficiary,0,beneficiary_role,2,protection,0,,0.0,0.0183359626680612
16142,beneficiary,0,beneficiary_role,3,integrated,85,1.0,0.5666666666666667,0.0383024588227272
16142,beneficiary,0,concern_context,0,continuity,0,,0.0,0.0
16142,beneficiary,0,concern_context,1,allocation,112,0.0,0.0,0.0
16142,beneficiary,0,concern_context,2,protection,0,,0.0,0.0
16142,beneficiary,0,concern_context,3,integrated,85,0.0,0.0,0.0
16142,beneficiary,0,entities,0,continuity,0,,0.0,0.0
16142,beneficiary,0,entities,1,allocation,112,0.0,0.0,0.0
16142,beneficiary,0,entities,2,protection,0,,0.0,0.0
16142,beneficiary,0,entities,3,integrated,85,0.0,0.0,0.0
16142,beneficiary,0,phase0,0,continuity,0,,0.0,0.0
16142,beneficiary,0,phase0,1,allocation,112,0.0,0.0,0.0
16142,beneficiary,0,phase0,2,protection,0,,0.0,0.0
16142,beneficiary,0,phase0,3,integrated,85,0.0,0.0,0.0
16142,beneficiary,0,phase1,0,continuity,0,,0.0,0.0
16142,beneficiary,0,phase1,1,allocation,112,0.0,0.0,0.0
16142,beneficiary,0,phase1,2,protection,0,,0.0,0.0
16142,beneficiary,0,phase1,3,integrated,85,0.0,0.0,0.0
16142,beneficiary,0,phase2,0,continuity,0,,0.0,0.0
16142,beneficiary,0,phase2,1,allocation,112,0.0,0.0,0.0
16142,beneficiary,0,phase2,2,protection,0,,0.0,0.0
16142,beneficiary,0,phase2,3,integrated,85,0.0,0.0,0.0
16142,beneficiary,0,phase3,0,continuity,0,,0.0,0.0
16142,beneficiary,0,phase3,1,allocation,112,0.0,0.0,0.0
16142,beneficiary,0,phase3,2,protection,0,,0.0,0.0
16142,beneficiary,0,phase3,3,integrated,85,0.0,0.0,0.0
16142,beneficiary,0,all_phases,0,continuity,0,,0.0,0.0
16142,beneficiary,0,all_phases,1,allocation,112,0.0,0.0,0.0
16142,beneficiary,0,all_phases,2,protection,0,,0.0,0.0
16142,beneficiary,0,all_phases,3,integrated,85,0.0,0.0,0.0
16142,beneficiary,1,identity_role,0,continuity,0,,0.0,0.000335158809321
16142,beneficiary,1,identity_role,1,allocation,112,0.0,0.0,0.0008839932852424
16142,beneficiary,1,identity_role,2,protection,0,,0.0,0.0003968477249145
16142,beneficiary,1,identity_role,3,integrated,85,0.0,0.0,0.0015528880758211
16142,beneficiary,1,beneficiary_role,0,continuity,0,,0.0,0.0007328078499995
16142,beneficiary,1,beneficiary_role,1,allocation,112,0.0,0.0,0.0514494366943836
16142,beneficiary,1,beneficiary_role,2,protection,0,,0.0,0.0101316533982753
16142,beneficiary,1,beneficiary_role,3,integrated,85,0.1294117647058823,0.12,0.0239628087729215
16142,beneficiary,1,concern_context,0,continuity,0,,0.0,0.0002066011802526
16142,beneficiary,1,concern_context,1,allocation,112,0.0,0.0,0.0014315011212602
16142,beneficiary,1,concern_context,2,protection,0,,0.0,0.0127564622089266
16142,beneficiary,1,concern_context,3,integrated,85,0.0,0.0,0.0094347260892391
16142,beneficiary,1,entities,0,continuity,0,,0.0,0.0006791772902943
16142,beneficiary,1,entities,1,allocation,112,0.0,0.0,0.0060642259195446
16142,beneficiary,1,entities,2,protection,0,,0.0,0.0015982213662937
16142,beneficiary,1,entities,3,integrated,85,0.0,0.0,0.0015727039426565
16142,beneficiary,1,phase0,0,continuity,0,,0.0,0.0006255628541111
16142,beneficiary,1,phase0,1,allocation,112,0.0,0.0,9.558817691868172e-05
16142,beneficiary,1,phase0,2,protection,0,,0.0,6.348318129312247e-05
16142,beneficiary,1,phase0,3,integrated,85,0.0,0.0,0.0001579817326273
16142,beneficiary,1,phase1,0,continuity,0,,0.0,0.0015219731722027
16142,beneficiary,1,phase1,1,allocation,112,1.0,0.7466666666666667,0.2775465846061706
16142,beneficiary,1,phase1,2,protection,0,,0.0,0.0066999387927353
16142,beneficiary,1,phase1,3,integrated,85,0.4117647058823529,0.2866666666666667,0.0612503066658973
16142,beneficiary,1,phase2,0,continuity,0,,0.0,2.569613207015209e-05
16142,beneficiary,1,phase2,1,allocation,112,0.0,0.0,0.0001894616725621
16142,beneficiary,1,phase2,2,protection,0,,0.0,0.0129499034956097
16142,beneficiary,1,phase2,3,integrated,85,0.0,0.0,0.0003009112551808
16142,beneficiary,1,phase3,0,continuity,0,,0.0,0.0001957581989699
16142,beneficiary,1,phase3,1,allocation,112,0.0,0.0,0.0066273915581405
16142,beneficiary,1,phase3,2,protection,0,,0.0,0.0106245214119553
16142,beneficiary,1,phase3,3,integrated,85,0.2,0.1733333333333333,0.0659067928791046
16142,beneficiary,1,all_phases,0,continuity,0,,0.0,0.0016575105255469
16142,beneficiary,1,all_phases,1,allocation,112,1.0,0.7466666666666667,0.2797075808048248
16142,beneficiary,1,all_phases,2,protection,0,,0.0,0.0146839981898665
16142,beneficiary,1,all_phases,3,integrated,85,0.7647058823529411,0.4866666666666667,0.04510498046875
16142,beneficiary,2,identity_role,0,continuity,0,,0.0,0.0
16142,beneficiary,2,identity_role,1,allocation,112,0.0,0.0,0.0
16142,beneficiary,2,identity_role,2,protection,0,,0.0,0.0
16142,beneficiary,2,identity_role,3,integrated,85,0.0,0.0,0.0
16142,beneficiary,2,beneficiary_role,0,continuity,0,,0.0,0.0
16142,beneficiary,2,beneficiary_role,1,allocation,112,0.0,0.0,0.0
16142,beneficiary,2,beneficiary_role,2,protection,0,,0.0,0.0
16142,beneficiary,2,beneficiary_role,3,integrated,85,0.0,0.0,0.0
16142,beneficiary,2,concern_context,0,continuity,0,,0.0,0.0
16142,beneficiary,2,concern_context,1,allocation,112,0.0,0.0,0.0
16142,beneficiary,2,concern_context,2,protection,0,,0.0,0.0
16142,beneficiary,2,concern_context,3,integrated,85,0.0,0.0,0.0
16142,beneficiary,2,entities,0,continuity,0,,0.0,0.0
16142,beneficiary,2,entities,1,allocation,112,0.0,0.0,0.0
16142,beneficiary,2,entities,2,protection,0,,0.0,0.0
16142,beneficiary,2,entities,3,integrated,85,0.0,0.0,0.0
16142,beneficiary,2,phase0,0,continuity,0,,0.0,0.0028066709637641
16142,beneficiary,2,phase0,1,allocation,112,0.0,0.0,0.0
16142,beneficiary,2,phase0,2,protection,0,,0.0,0.0
16142,beneficiary,2,phase0,3,integrated,85,0.0,0.0,0.0
16142,beneficiary,2,phase1,0,continuity,0,,0.0,0.0
16142,beneficiary,2,phase1,1,allocation,112,1.0,0.7466666666666667,0.2477028667926788
16142,beneficiary,2,phase1,2,protection,0,,0.0,0.0
16142,beneficiary,2,phase1,3,integrated,85,0.0,0.0,0.0
16142,beneficiary,2,phase2,0,continuity,0,,0.0,0.0
16142,beneficiary,2,phase2,1,allocation,112,0.0,0.0,0.0
16142,beneficiary,2,phase2,2,protection,0,,0.0,0.0183359626680612
16142,beneficiary,2,phase2,3,integrated,85,0.0,0.0,0.0
16142,beneficiary,2,phase3,0,continuity,0,,0.0,0.0
16142,beneficiary,2,phase3,1,allocation,112,0.0,0.0,0.0
16142,beneficiary,2,phase3,2,protection,0,,0.0,0.0
16142,beneficiary,2,phase3,3,integrated,85,1.0,0.5666666666666667,0.0383024588227272
16142,beneficiary,2,all_phases,0,continuity,0,,0.0,0.0028066709637641
16142,beneficiary,2,all_phases,1,allocation,112,1.0,0.7466666666666667,0.2477028667926788
16142,beneficiary,2,all_phases,2,protection,0,,0.0,0.0183359626680612
16142,beneficiary,2,all_phases,3,integrated,85,1.0,0.5666666666666667,0.0383024588227272
16142,concern,0,identity_role,0,continuity,0,,0.0,0.0
16142,concern,0,identity_role,1,allocation,0,,0.0,0.0
16142,concern,0,identity_role,2,protection,121,0.0,0.0,0.0
16142,concern,0,identity_role,3,integrated,45,0.0,0.0,0.0
16142,concern,0,beneficiary_role,0,continuity,0,,0.0,0.0
16142,concern,0,beneficiary_role,1,allocation,0,,0.0,0.0
16142,concern,0,beneficiary_role,2,protection,121,0.0,0.0,0.0
16142,concern,0,beneficiary_role,3,integrated,45,0.0,0.0,0.0
16142,concern,0,concern_context,0,continuity,0,,0.0,0.0026937734801322
16142,concern,0,concern_context,1,allocation,0,,0.0,0.0129428226500749
16142,concern,0,concern_context,2,protection,121,1.0,0.8066666666666666,0.3474690020084381
16142,concern,0,concern_context,3,integrated,45,1.0,0.3,0.3404158055782318
16142,concern,0,entities,0,continuity,0,,0.0,0.0
16142,concern,0,entities,1,allocation,0,,0.0,0.0
16142,concern,0,entities,2,protection,121,0.0,0.0,0.0
16142,concern,0,entities,3,integrated,45,0.0,0.0,0.0
16142,concern,0,phase0,0,continuity,0,,0.0,0.0
16142,concern,0,phase0,1,allocation,0,,0.0,0.0
16142,concern,0,phase0,2,protection,121,0.0,0.0,0.0
16142,concern,0,phase0,3,integrated,45,0.0,0.0,0.0
16142,concern,0,phase1,0,continuity,0,,0.0,0.0
16142,concern,0,phase1,1,allocation,0,,0.0,0.0
16142,concern,0,phase1,2,protection,121,0.0,0.0,0.0
16142,concern,0,phase1,3,integrated,45,0.0,0.0,0.0
16142,concern,0,phase2,0,continuity,0,,0.0,0.0
16142,concern,0,phase2,1,allocation,0,,0.0,0.0
16142,concern,0,phase2,2,protection,121,0.0,0.0,0.0
16142,concern,0,phase2,3,integrated,45,0.0,0.0,0.0
16142,concern,0,phase3,0,continuity,0,,0.0,0.0
16142,concern,0,phase3,1,allocation,0,,0.0,0.0
16142,concern,0,phase3,2,protection,121,0.0,0.0,0.0
16142,concern,0,phase3,3,integrated,45,0.0,0.0,0.0
16142,concern,0,all_phases,0,continuity,0,,0.0,0.0
16142,concern,0,all_phases,1,allocation,0,,0.0,0.0
16142,concern,0,all_phases,2,protection,121,0.0,0.0,0.0
16142,concern,0,all_phases,3,integrated,45,0.0,0.0,0.0
16142,concern,1,identity_role,0,continuity,0,,0.0,0.001261874102056
16142,concern,1,identity_role,1,allocation,0,,0.0,0.0026926915161311
16142,concern,1,identity_role,2,protection,121,0.0,0.0,0.0009393286891281
16142,concern,1,identity_role,3,integrated,45,0.0,0.0,0.0066152578219771
16142,concern,1,beneficiary_role,0,continuity,0,,0.0,0.0002419389493297
16142,concern,1,beneficiary_role,1,allocation,0,,0.0,0.0048429495655
16142,concern,1,beneficiary_role,2,protection,121,0.0,0.0,0.0038224593736231
16142,concern,1,beneficiary_role,3,integrated,45,0.0,0.0,0.0075406827963888
16142,concern,1,concern_context,0,continuity,0,,0.0,0.0008804913377389
16142,concern,1,concern_context,1,allocation,0,,0.0,0.0076471702195703
16142,concern,1,concern_context,2,protection,121,0.1818181818181818,0.2333333333333333,0.3151105046272278
16142,concern,1,concern_context,3,integrated,45,0.6444444444444445,0.2,0.3025934994220733
16142,concern,1,entities,0,continuity,0,,0.0,0.0011802780209109
16142,concern,1,entities,1,allocation,0,,0.0,0.0099851842969655
16142,concern,1,entities,2,protection,121,0.0,0.0,0.0032974986825138
16142,concern,1,entities,3,integrated,45,0.0,0.0,0.0066531081683933
16142,concern,1,phase0,0,continuity,0,,0.0,0.001330177183263
16142,concern,1,phase0,1,allocation,0,,0.0,0.0002074472286039
16142,concern,1,phase0,2,protection,121,0.0,0.0,0.0003780728438869
16142,concern,1,phase0,3,integrated,45,0.0,0.0,0.0003765033616218
16142,concern,1,phase1,0,continuity,0,,0.0,5.980693003948545e-06
16142,concern,1,phase1,1,allocation,0,,0.0,0.0006906774360686
16142,concern,1,phase1,2,protection,121,0.0,0.0,2.0598532501026057e-05
16142,concern,1,phase1,3,integrated,45,0.0,0.0,0.0001324332115473
16142,concern,1,phase2,0,continuity,0,,0.0,0.0010920888744294
16142,concern,1,phase2,1,allocation,0,,0.0,0.0032324080821126
16142,concern,1,phase2,2,protection,121,0.7024793388429752,0.6666666666666666,0.1348721981048584
16142,concern,1,phase2,3,integrated,45,0.2444444444444444,0.0733333333333333,0.0488670580089092
16142,concern,1,phase3,0,continuity,0,,0.0,4.119491859455593e-05
16142,concern,1,phase3,1,allocation,0,,0.0,0.0014462658436968
16142,concern,1,phase3,2,protection,121,0.0,0.0,0.0019199772505089
16142,concern,1,phase3,3,integrated,45,0.0,0.0,0.0119821932166814
16142,concern,1,all_phases,0,continuity,0,,0.0,0.001222125836648
16142,concern,1,all_phases,1,allocation,0,,0.0,0.0041250474750995
16142,concern,1,all_phases,2,protection,121,0.7024793388429752,0.6666666666666666,0.1351970732212066
16142,concern,1,all_phases,3,integrated,45,0.2444444444444444,0.0733333333333333,0.0526338256895542
16142,concern,2,identity_role,0,continuity,0,,0.0,0.0
16142,concern,2,identity_role,1,allocation,0,,0.0,0.0
16142,concern,2,identity_role,2,protection,121,0.0,0.0,0.0
16142,concern,2,identity_role,3,integrated,45,0.0,0.0,0.0
16142,concern,2,beneficiary_role,0,continuity,0,,0.0,0.0
16142,concern,2,beneficiary_role,1,allocation,0,,0.0,0.0
16142,concern,2,beneficiary_role,2,protection,121,0.0,0.0,0.0
16142,concern,2,beneficiary_role,3,integrated,45,0.0,0.0,0.0
16142,concern,2,concern_context,0,continuity,0,,0.0,0.0
16142,concern,2,concern_context,1,allocation,0,,0.0,0.0
16142,concern,2,concern_context,2,protection,121,0.0,0.0,0.0
16142,concern,2,concern_context,3,integrated,45,0.0,0.0,0.0
16142,concern,2,entities,0,continuity,0,,0.0,0.0
16142,concern,2,entities,1,allocation,0,,0.0,0.0
16142,concern,2,entities,2,protection,121,0.0,0.0,0.0
16142,concern,2,entities,3,integrated,45,0.0,0.0,0.0
16142,concern,2,phase0,0,continuity,0,,0.0,0.0026937734801322
16142,concern,2,phase0,1,allocation,0,,0.0,0.0
16142,concern,2,phase0,2,protection,121,0.0,0.0,0.0
16142,concern,2,phase0,3,integrated,45,0.0,0.0,0.0
16142,concern,2,phase1,0,continuity,0,,0.0,0.0
16142,concern,2,phase1,1,allocation,0,,0.0,0.0129428226500749
16142,concern,2,phase1,2,protection,121,0.0,0.0,0.0
16142,concern,2,phase1,3,integrated,45,0.0,0.0,0.0
16142,concern,2,phase2,0,continuity,0,,0.0,0.0
16142,concern,2,phase2,1,allocation,0,,0.0,0.0
16142,concern,2,phase2,2,protection,121,1.0,0.8066666666666666,0.3474690020084381
16142,concern,2,phase2,3,integrated,45,0.0,0.0,0.0
16142,concern,2,phase3,0,continuity,0,,0.0,0.0
16142,concern,2,phase3,1,allocation,0,,0.0,0.0
16142,concern,2,phase3,2,protection,121,0.0,0.0,0.0
16142,concern,2,phase3,3,integrated,45,1.0,0.3,0.3404158055782318
16142,concern,2,all_phases,0,continuity,0,,0.0,0.0026937734801322
16142,concern,2,all_phases,1,allocation,0,,0.0,0.0129428226500749
16142,concern,2,all_phases,2,protection,121,1.0,0.8066666666666666,0.3474690020084381
16142,concern,2,all_phases,3,integrated,45,1.0,0.3,0.3404158055782318
