seed,rule_mode,eval_mode,phase,name,action_acc,outcome_mae,phase_name
16200,compositional,id,0,continuity,1.0,0.0214437656104564,continuity
16200,compositional,id,1,allocation,0.999750018119812,0.0912844762206077,allocation
16200,compositional,id,2,protection,0.9975000619888306,0.0693079680204391,protection
16200,compositional,id,3,integrated,0.9907500743865968,0.0719488263130188,integrated
16200,compositional,encoding_ood,0,continuity,1.0,0.02168152295053,continuity
16200,compositional,encoding_ood,1,allocation,0.999750018119812,0.0905871763825416,allocation
16200,compositional,encoding_ood,2,protection,0.9960000514984132,0.0698088109493255,protection
16200,compositional,encoding_ood,3,integrated,0.9897500276565552,0.0720186680555343,integrated
16200,compositional,factor_ood,0,continuity,0.999500036239624,0.0241375211626291,continuity
16200,compositional,factor_ood,1,allocation,0.999750018119812,0.0929358676075935,allocation
16200,compositional,factor_ood,2,protection,0.9967500567436218,0.0700035691261291,protection
16200,compositional,factor_ood,3,integrated,0.9830000400543212,0.075628638267517,integrated
16200,compositional,rule_ood,0,continuity,1.0,0.0216305889189243,continuity
16200,compositional,rule_ood,1,allocation,0.999500036239624,0.0842617824673652,allocation
16200,compositional,rule_ood,2,protection,0.9980000257492064,0.0691494867205619,protection
16200,compositional,rule_ood,3,integrated,0.9917500615119934,0.0712016969919204,integrated
16201,compositional,id,0,continuity,0.9397500157356262,0.104549691081047,continuity
16201,compositional,id,1,allocation,0.6705000400543213,0.1427436470985412,allocation
16201,compositional,id,2,protection,1.0,0.058224681764841,protection
16201,compositional,id,3,integrated,0.7852500081062317,0.0659757927060127,integrated
16201,compositional,encoding_ood,0,continuity,0.9407500624656676,0.1083090752363205,continuity
16201,compositional,encoding_ood,1,allocation,0.6612500548362732,0.1433705985546112,allocation
16201,compositional,encoding_ood,2,protection,0.999750018119812,0.0583735443651676,protection
16201,compositional,encoding_ood,3,integrated,0.7915000319480896,0.0663092136383056,integrated
16201,compositional,factor_ood,0,continuity,0.9322500228881836,0.1278015673160553,continuity
16201,compositional,factor_ood,1,allocation,0.6632500290870667,0.141688123345375,allocation
16201,compositional,factor_ood,2,protection,1.0,0.0581308118999004,protection
16201,compositional,factor_ood,3,integrated,0.5290000438690186,0.0657667145133018,integrated
16201,compositional,rule_ood,0,continuity,0.9347500205039978,0.1075339913368225,continuity
16201,compositional,rule_ood,1,allocation,0.3270000219345093,0.1286022663116455,allocation
16201,compositional,rule_ood,2,protection,1.0,0.0545216463506221,protection
16201,compositional,rule_ood,3,integrated,0.7977500557899475,0.0595549419522285,integrated
16202,compositional,id,0,continuity,0.9577500224113464,0.1220840364694595,continuity
16202,compositional,id,1,allocation,0.9627500176429749,0.1207891479134559,allocation
16202,compositional,id,2,protection,0.9625000357627868,0.0794786140322685,protection
16202,compositional,id,3,integrated,0.8885000348091125,0.1024792715907096,integrated
16202,compositional,encoding_ood,0,continuity,0.9637500643730164,0.1174225360155105,continuity
16202,compositional,encoding_ood,1,allocation,0.9625000357627868,0.1205813437700271,allocation
16202,compositional,encoding_ood,2,protection,0.9627500176429749,0.0826978236436843,protection
16202,compositional,encoding_ood,3,integrated,0.8835000395774841,0.1017663031816482,integrated
16202,compositional,factor_ood,0,continuity,0.9472500681877136,0.1360192447900772,continuity
16202,compositional,factor_ood,1,allocation,0.9665000438690186,0.122524470090866,allocation
16202,compositional,factor_ood,2,protection,0.9662500619888306,0.0789638683199882,protection
16202,compositional,factor_ood,3,integrated,0.8045000433921814,0.107227012515068,integrated
16202,compositional,rule_ood,0,continuity,0.9600000381469728,0.1251208186149597,continuity
16202,compositional,rule_ood,1,allocation,0.955750048160553,0.1035626605153083,allocation
16202,compositional,rule_ood,2,protection,0.8500000238418579,0.1021941527724266,protection
16202,compositional,rule_ood,3,integrated,0.8840000629425049,0.1338705569505691,integrated
16203,compositional,id,0,continuity,0.9667500257492064,0.1030922532081604,continuity
16203,compositional,id,1,allocation,0.914750039577484,0.1426630616188049,allocation
16203,compositional,id,2,protection,0.999250054359436,0.0639258921146392,protection
16203,compositional,id,3,integrated,0.7882500290870667,0.0732269138097763,integrated
16203,compositional,encoding_ood,0,continuity,0.967750072479248,0.1083987727761268,continuity
16203,compositional,encoding_ood,1,allocation,0.9187500476837158,0.1428052186965942,allocation
16203,compositional,encoding_ood,2,protection,0.9952500462532043,0.0655696094036102,protection
16203,compositional,encoding_ood,3,integrated,0.7825000286102295,0.0745996013283729,integrated
16203,compositional,factor_ood,0,continuity,0.9622500538825988,0.1122882291674614,continuity
16203,compositional,factor_ood,1,allocation,0.9047500491142272,0.1436609774827957,allocation
16203,compositional,factor_ood,2,protection,0.9980000257492064,0.0648051500320434,protection
16203,compositional,factor_ood,3,integrated,0.5177500247955322,0.0738133415579795,integrated
16203,compositional,rule_ood,0,continuity,0.9515000581741332,0.109363742172718,continuity
16203,compositional,rule_ood,1,allocation,0.890250027179718,0.1325838416814804,allocation
16203,compositional,rule_ood,2,protection,0.9967500567436218,0.0620446652173996,protection
16203,compositional,rule_ood,3,integrated,0.7797500491142273,0.0750524178147316,integrated
16204,compositional,id,0,continuity,0.9970000386238098,0.038953211158514,continuity
16204,compositional,id,1,allocation,0.990500032901764,0.0950168892741203,allocation
16204,compositional,id,2,protection,1.0,0.0681795924901962,protection
16204,compositional,id,3,integrated,0.9852500557899476,0.0858500525355339,integrated
16204,compositional,encoding_ood,0,continuity,0.999000072479248,0.036906361579895,continuity
16204,compositional,encoding_ood,1,allocation,0.9920000433921814,0.0942832976579666,allocation
16204,compositional,encoding_ood,2,protection,1.0,0.0684306323528289,protection
16204,compositional,encoding_ood,3,integrated,0.9892500638961792,0.0860238224267959,integrated
16204,compositional,factor_ood,0,continuity,0.99275004863739,0.0487062968313694,continuity
16204,compositional,factor_ood,1,allocation,0.99275004863739,0.0964957326650619,allocation
16204,compositional,factor_ood,2,protection,0.999750018119812,0.0699530392885208,protection
16204,compositional,factor_ood,3,integrated,0.968500018119812,0.0904179364442825,integrated
16204,compositional,rule_ood,0,continuity,0.9967500567436218,0.0389872938394546,continuity
16204,compositional,rule_ood,1,allocation,0.9825000762939452,0.0936676040291786,allocation
16204,compositional,rule_ood,2,protection,1.0,0.06583022326231,protection
16204,compositional,rule_ood,3,integrated,0.9850000739097596,0.0936380699276924,integrated
16205,compositional,id,0,continuity,0.9965000748634338,0.0470840185880661,continuity
16205,compositional,id,1,allocation,0.9987500309944152,0.0907538309693336,allocation
16205,compositional,id,2,protection,0.9987500309944152,0.0697189792990684,protection
16205,compositional,id,3,integrated,0.9847500324249268,0.0928345397114753,integrated
16205,compositional,encoding_ood,0,continuity,0.9950000643730164,0.0485596247017383,continuity
16205,compositional,encoding_ood,1,allocation,0.9982500672340392,0.0901018679141998,allocation
16205,compositional,encoding_ood,2,protection,0.9882500171661376,0.0723747089505195,protection
16205,compositional,encoding_ood,3,integrated,0.9797500371932985,0.0950824618339538,integrated
16205,compositional,factor_ood,0,continuity,0.9972500205039978,0.0547270439565181,continuity
16205,compositional,factor_ood,1,allocation,0.9982500672340392,0.0924098864197731,allocation
16205,compositional,factor_ood,2,protection,0.9987500309944152,0.0718909800052642,protection
16205,compositional,factor_ood,3,integrated,0.9762500524520874,0.0998751670122146,integrated
16205,compositional,rule_ood,0,continuity,0.9975000619888306,0.0468809530138969,continuity
16205,compositional,rule_ood,1,allocation,0.9967500567436218,0.0934648662805557,allocation
16205,compositional,rule_ood,2,protection,0.5049999952316284,0.0924521759152412,protection
16205,compositional,rule_ood,3,integrated,0.9842500686645508,0.1041185408830642,integrated
16206,compositional,id,0,continuity,0.990000069141388,0.0413400903344154,continuity
16206,compositional,id,1,allocation,0.9980000257492064,0.080655388534069,allocation
16206,compositional,id,2,protection,1.0,0.0551829375326633,protection
16206,compositional,id,3,integrated,0.9965000748634338,0.0687017068266868,integrated
16206,compositional,encoding_ood,0,continuity,0.9877500534057616,0.0404581800103187,continuity
16206,compositional,encoding_ood,1,allocation,0.9967500567436218,0.0816041678190231,allocation
16206,compositional,encoding_ood,2,protection,0.999500036239624,0.0556752867996692,protection
16206,compositional,encoding_ood,3,integrated,0.9950000643730164,0.070458211004734,integrated
16206,compositional,factor_ood,0,continuity,0.9915000200271606,0.0417390093207359,continuity
16206,compositional,factor_ood,1,allocation,0.9955000281333924,0.0851131603121757,allocation
16206,compositional,factor_ood,2,protection,1.0,0.0554878041148185,protection
16206,compositional,factor_ood,3,integrated,0.9892500638961792,0.0684329494833946,integrated
16206,compositional,rule_ood,0,continuity,0.992500066757202,0.0399381443858146,continuity
16206,compositional,rule_ood,1,allocation,0.9965000748634338,0.0763732120394706,allocation
16206,compositional,rule_ood,2,protection,1.0,0.0564618520438671,protection
16206,compositional,rule_ood,3,integrated,0.9955000281333924,0.0705963000655174,integrated
16207,compositional,id,0,continuity,0.9910000562667848,0.0544430613517761,continuity
16207,compositional,id,1,allocation,0.9737500548362732,0.1071167513728141,allocation
16207,compositional,id,2,protection,0.999750018119812,0.0637416839599609,protection
16207,compositional,id,3,integrated,0.9635000228881836,0.0764458030462265,integrated
16207,compositional,encoding_ood,0,continuity,0.990500032901764,0.0544625893235206,continuity
16207,compositional,encoding_ood,1,allocation,0.97475004196167,0.1066595837473869,allocation
16207,compositional,encoding_ood,2,protection,0.9980000257492064,0.0656643658876419,protection
16207,compositional,encoding_ood,3,integrated,0.971250057220459,0.0771331563591957,integrated
16207,compositional,factor_ood,0,continuity,0.987000048160553,0.0555912964046001,continuity
16207,compositional,factor_ood,1,allocation,0.9725000262260436,0.1079740524291992,allocation
16207,compositional,factor_ood,2,protection,0.999500036239624,0.066798634827137,protection
16207,compositional,factor_ood,3,integrated,0.936750054359436,0.0831160247325897,integrated
16207,compositional,rule_ood,0,continuity,0.9850000739097596,0.0567794367671012,continuity
16207,compositional,rule_ood,1,allocation,0.3317500054836273,0.1489921063184738,allocation
16207,compositional,rule_ood,2,protection,0.5925000309944153,0.0784721225500106,protection
16207,compositional,rule_ood,3,integrated,0.9632500410079956,0.1033459454774856,integrated
16208,compositional,id,0,continuity,0.9722500443458556,0.1252002865076065,continuity
16208,compositional,id,1,allocation,0.9877500534057616,0.1144214496016502,allocation
16208,compositional,id,2,protection,0.9975000619888306,0.0737778767943382,protection
16208,compositional,id,3,integrated,0.9105000495910645,0.1049680262804031,integrated
16208,compositional,encoding_ood,0,continuity,0.9757500290870668,0.1308925300836563,continuity
16208,compositional,encoding_ood,1,allocation,0.986750066280365,0.1155092045664787,allocation
16208,compositional,encoding_ood,2,protection,0.9977500438690186,0.0759011656045913,protection
16208,compositional,encoding_ood,3,integrated,0.9285000562667848,0.1068921983242034,integrated
16208,compositional,factor_ood,0,continuity,0.9662500619888306,0.1398346573114395,continuity
16208,compositional,factor_ood,1,allocation,0.9822500348091124,0.1167638674378395,allocation
16208,compositional,factor_ood,2,protection,0.9945000410079956,0.0762968212366104,protection
16208,compositional,factor_ood,3,integrated,0.8667500615119934,0.1163137331604957,integrated
16208,compositional,rule_ood,0,continuity,0.9812500476837158,0.1218631640076637,continuity
16208,compositional,rule_ood,1,allocation,0.986750066280365,0.1066690683364868,allocation
16208,compositional,rule_ood,2,protection,0.9962500333786012,0.0707434266805648,protection
16208,compositional,rule_ood,3,integrated,0.9202500581741332,0.1139680221676826,integrated
16209,compositional,id,0,continuity,0.9985000491142272,0.0350976288318634,continuity
16209,compositional,id,1,allocation,0.9982500672340392,0.0917835161089897,allocation
16209,compositional,id,2,protection,0.9942500591278076,0.0801732540130615,protection
16209,compositional,id,3,integrated,0.9225000143051147,0.1085530892014503,integrated
16209,compositional,encoding_ood,0,continuity,0.9975000619888306,0.0367550067603588,continuity
16209,compositional,encoding_ood,1,allocation,0.9982500672340392,0.0918249413371086,allocation
16209,compositional,encoding_ood,2,protection,0.9937500357627868,0.0810454115271568,protection
16209,compositional,encoding_ood,3,integrated,0.9075000286102296,0.1115327775478363,integrated
16209,compositional,factor_ood,0,continuity,0.9980000257492064,0.0444665476679801,continuity
16209,compositional,factor_ood,1,allocation,0.9972500205039978,0.0922010913491249,allocation
16209,compositional,factor_ood,2,protection,0.9940000176429749,0.0858486294746398,protection
16209,compositional,factor_ood,3,integrated,0.909250020980835,0.1054099798202514,integrated
16209,compositional,rule_ood,0,continuity,0.9980000257492064,0.0367236621677875,continuity
16209,compositional,rule_ood,1,allocation,0.0020000000949949,0.210258737206459,allocation
16209,compositional,rule_ood,2,protection,0.9947500228881836,0.0786038786172866,protection
16209,compositional,rule_ood,3,integrated,0.9130000472068788,0.1187817156314849,integrated
16210,compositional,id,0,continuity,0.977500021457672,0.0664916560053825,continuity
16210,compositional,id,1,allocation,0.9762500524520874,0.1059444099664688,allocation
16210,compositional,id,2,protection,0.9987500309944152,0.0741758644580841,protection
16210,compositional,id,3,integrated,0.9077500700950624,0.0943665504455566,integrated
16210,compositional,encoding_ood,0,continuity,0.9697500467300416,0.0766775086522102,continuity
16210,compositional,encoding_ood,1,allocation,0.968250036239624,0.1107913553714752,allocation
16210,compositional,encoding_ood,2,protection,0.992500066757202,0.0775989294052124,protection
16210,compositional,encoding_ood,3,integrated,0.8967500329017639,0.0959552675485611,integrated
16210,compositional,factor_ood,0,continuity,0.9722500443458556,0.0773096680641174,continuity
16210,compositional,factor_ood,1,allocation,0.9812500476837158,0.1061792597174644,allocation
16210,compositional,factor_ood,2,protection,0.999250054359436,0.0754738003015518,protection
16210,compositional,factor_ood,3,integrated,0.8522500395774841,0.0930008068680763,integrated
16210,compositional,rule_ood,0,continuity,0.9765000343322754,0.0660282298922538,continuity
16210,compositional,rule_ood,1,allocation,0.9497500658035278,0.1044918075203895,allocation
16210,compositional,rule_ood,2,protection,0.999250054359436,0.0629348382353782,protection
16210,compositional,rule_ood,3,integrated,0.9190000295639038,0.1030836477875709,integrated
16211,compositional,id,0,continuity,0.9817500710487366,0.0681574940681457,continuity
16211,compositional,id,1,allocation,0.9250000715255736,0.1206268593668937,allocation
16211,compositional,id,2,protection,0.9942500591278076,0.0754752084612846,protection
16211,compositional,id,3,integrated,0.930500030517578,0.0864408612251281,integrated
16211,compositional,encoding_ood,0,continuity,0.986750066280365,0.0654488578438758,continuity
16211,compositional,encoding_ood,1,allocation,0.924250066280365,0.1213124319911003,allocation
16211,compositional,encoding_ood,2,protection,0.9960000514984132,0.0734464451670646,protection
16211,compositional,encoding_ood,3,integrated,0.936500072479248,0.0863265991210937,integrated
16211,compositional,factor_ood,0,continuity,0.9785000681877136,0.0738651975989341,continuity
16211,compositional,factor_ood,1,allocation,0.9197500348091124,0.1183107644319534,allocation
16211,compositional,factor_ood,2,protection,0.9960000514984132,0.0750788450241088,protection
16211,compositional,factor_ood,3,integrated,0.8910000324249268,0.0881775915622711,integrated
16211,compositional,rule_ood,0,continuity,0.9820000529289246,0.070729024708271,continuity
16211,compositional,rule_ood,1,allocation,0.9115000367164612,0.1113475188612937,allocation
16211,compositional,rule_ood,2,protection,0.9782500267028807,0.0788284242153167,protection
16211,compositional,rule_ood,3,integrated,0.924500048160553,0.0922663807868957,integrated
16212,compositional,id,0,continuity,0.9025000333786012,0.1588531583547592,continuity
16212,compositional,id,1,allocation,0.6742500066757202,0.1484133750200271,allocation
16212,compositional,id,2,protection,0.999500036239624,0.0784143805503845,protection
16212,compositional,id,3,integrated,0.7855000495910645,0.0903420150279998,integrated
16212,compositional,encoding_ood,0,continuity,0.8610000610351562,0.1693545877933502,continuity
16212,compositional,encoding_ood,1,allocation,0.6607500314712524,0.1472624242305755,allocation
16212,compositional,encoding_ood,2,protection,0.9935000538825988,0.0803164392709732,protection
16212,compositional,encoding_ood,3,integrated,0.7760000228881836,0.0908900648355484,integrated
16212,compositional,factor_ood,0,continuity,0.9040000438690186,0.1662696301937103,continuity
16212,compositional,factor_ood,1,allocation,0.6940000057220459,0.1453824788331985,allocation
16212,compositional,factor_ood,2,protection,0.999500036239624,0.0781115740537643,protection
16212,compositional,factor_ood,3,integrated,0.5325000286102295,0.091356411576271,integrated
16212,compositional,rule_ood,0,continuity,0.8915000557899475,0.1575779318809509,continuity
16212,compositional,rule_ood,1,allocation,0.6680000424385071,0.1118195578455925,allocation
16212,compositional,rule_ood,2,protection,0.5115000009536743,0.1149004027247428,protection
16212,compositional,rule_ood,3,integrated,0.7860000133514404,0.0902668386697769,integrated
16213,compositional,id,0,continuity,0.999750018119812,0.0398876927793026,continuity
16213,compositional,id,1,allocation,0.9297500252723694,0.1111214682459831,allocation
16213,compositional,id,2,protection,0.9897500276565552,0.0662194937467575,protection
16213,compositional,id,3,integrated,0.9662500619888306,0.0825084447860717,integrated
16213,compositional,encoding_ood,0,continuity,0.9975000619888306,0.0417233742773532,continuity
16213,compositional,encoding_ood,1,allocation,0.9340000152587892,0.1121613234281539,allocation
16213,compositional,encoding_ood,2,protection,0.9687500596046448,0.0671288669109344,protection
16213,compositional,encoding_ood,3,integrated,0.9595000743865968,0.0851549580693245,integrated
16213,compositional,factor_ood,0,continuity,0.9950000643730164,0.0474095419049263,continuity
16213,compositional,factor_ood,1,allocation,0.9310000538825988,0.1116333529353141,allocation
16213,compositional,factor_ood,2,protection,0.99275004863739,0.0660372972488403,protection
16213,compositional,factor_ood,3,integrated,0.9565000534057616,0.0880572274327278,integrated
16213,compositional,rule_ood,0,continuity,0.9987500309944152,0.0406950451433658,continuity
16213,compositional,rule_ood,1,allocation,0.9202500581741332,0.1140433400869369,allocation
16213,compositional,rule_ood,2,protection,0.5052500367164612,0.1610734313726425,protection
16213,compositional,rule_ood,3,integrated,0.9652500748634338,0.1344838887453079,integrated
16214,compositional,id,0,continuity,0.999500036239624,0.0213519725948572,continuity
16214,compositional,id,1,allocation,0.9945000410079956,0.1051949337124824,allocation
16214,compositional,id,2,protection,0.9340000152587892,0.0824143961071968,protection
16214,compositional,id,3,integrated,0.9817500710487366,0.0864190459251403,integrated
16214,compositional,encoding_ood,0,continuity,0.999000072479248,0.0225421618670225,continuity
16214,compositional,encoding_ood,1,allocation,0.9917500615119934,0.1048203632235527,allocation
16214,compositional,encoding_ood,2,protection,0.9317500591278076,0.0827495530247688,protection
16214,compositional,encoding_ood,3,integrated,0.9740000367164612,0.0869225189089775,integrated
16214,compositional,factor_ood,0,continuity,0.9970000386238098,0.0272363517433404,continuity
16214,compositional,factor_ood,1,allocation,0.9880000352859496,0.1032311916351318,allocation
16214,compositional,factor_ood,2,protection,0.9270000457763672,0.0824300274252891,protection
16214,compositional,factor_ood,3,integrated,0.9732500314712524,0.0859743729233741,integrated
16214,compositional,rule_ood,0,continuity,0.9985000491142272,0.0217760801315307,continuity
16214,compositional,rule_ood,1,allocation,0.9830000400543212,0.0895593613386154,allocation
16214,compositional,rule_ood,2,protection,0.9425000548362732,0.0867361575365066,protection
16214,compositional,rule_ood,3,integrated,0.9760000705718994,0.0954588502645492,integrated
16215,compositional,id,0,continuity,0.89000004529953,0.1883683502674102,continuity
16215,compositional,id,1,allocation,0.7745000123977661,0.1593867838382721,allocation
16215,compositional,id,2,protection,0.999250054359436,0.0880095437169075,protection
16215,compositional,id,3,integrated,0.8137500286102295,0.0765557214617729,integrated
16215,compositional,encoding_ood,0,continuity,0.7982500195503235,0.213809534907341,continuity
16215,compositional,encoding_ood,1,allocation,0.7377500534057617,0.1568453907966613,allocation
16215,compositional,encoding_ood,2,protection,0.9937500357627868,0.0906276106834411,protection
16215,compositional,encoding_ood,3,integrated,0.7890000343322754,0.0768969506025314,integrated
16215,compositional,factor_ood,0,continuity,0.893500030040741,0.1904901564121246,continuity
16215,compositional,factor_ood,1,allocation,0.7780000567436218,0.1553543508052826,allocation
16215,compositional,factor_ood,2,protection,0.9987500309944152,0.0897136032581329,protection
16215,compositional,factor_ood,3,integrated,0.5627500414848328,0.0779612436890602,integrated
16215,compositional,rule_ood,0,continuity,0.8522500395774841,0.200401484966278,continuity
16215,compositional,rule_ood,1,allocation,0.7830000519752502,0.1249305382370948,allocation
16215,compositional,rule_ood,2,protection,0.749500036239624,0.121350884437561,protection
16215,compositional,rule_ood,3,integrated,0.7980000376701355,0.1253119111061096,integrated
16216,compositional,id,0,continuity,0.9600000381469728,0.0889518484473228,continuity
16216,compositional,id,1,allocation,0.6997500061988831,0.1540951877832412,allocation
16216,compositional,id,2,protection,0.9337500333786012,0.0916990116238594,protection
16216,compositional,id,3,integrated,0.7825000286102295,0.0798659101128578,integrated
16216,compositional,encoding_ood,0,continuity,0.9660000205039978,0.0945332795381546,continuity
16216,compositional,encoding_ood,1,allocation,0.6982500553131104,0.1505840271711349,allocation
16216,compositional,encoding_ood,2,protection,0.9427500367164612,0.0899757444858551,protection
16216,compositional,encoding_ood,3,integrated,0.7690000534057617,0.0804773867130279,integrated
16216,compositional,factor_ood,0,continuity,0.9642500281333924,0.0931477546691894,continuity
16216,compositional,factor_ood,1,allocation,0.6885000467300415,0.1523778438568115,allocation
16216,compositional,factor_ood,2,protection,0.946000039577484,0.088377259671688,protection
16216,compositional,factor_ood,3,integrated,0.5825000405311584,0.0777755454182624,integrated
16216,compositional,rule_ood,0,continuity,0.9580000638961792,0.0910572707653045,continuity
16216,compositional,rule_ood,1,allocation,0.6832500100135803,0.1178709492087364,allocation
16216,compositional,rule_ood,2,protection,0.9465000629425048,0.0907330438494682,protection
16216,compositional,rule_ood,3,integrated,0.7852500081062317,0.0805962979793548,integrated
16217,compositional,id,0,continuity,0.6357500553131104,0.2613981366157532,continuity
16217,compositional,id,1,allocation,0.624500036239624,0.1420972347259521,allocation
16217,compositional,id,2,protection,0.9982500672340392,0.0607915967702865,protection
16217,compositional,id,3,integrated,0.7887500524520874,0.069912351667881,integrated
16217,compositional,encoding_ood,0,continuity,0.6332500576972961,0.2658510506153106,continuity
16217,compositional,encoding_ood,1,allocation,0.627750039100647,0.1406853049993515,allocation
16217,compositional,encoding_ood,2,protection,0.9987500309944152,0.0611271932721138,protection
16217,compositional,encoding_ood,3,integrated,0.7922500371932983,0.0722991749644279,integrated
16217,compositional,factor_ood,0,continuity,0.6207500100135803,0.2720661759376526,continuity
16217,compositional,factor_ood,1,allocation,0.6182500123977661,0.143238753080368,allocation
16217,compositional,factor_ood,2,protection,0.9987500309944152,0.0604223422706127,protection
16217,compositional,factor_ood,3,integrated,0.5112500190734863,0.0707371234893798,integrated
16217,compositional,rule_ood,0,continuity,0.6322500109672546,0.2615783810615539,continuity
16217,compositional,rule_ood,1,allocation,0.6272500157356262,0.1095988601446151,allocation
16217,compositional,rule_ood,2,protection,1.0,0.057644136250019,protection
16217,compositional,rule_ood,3,integrated,0.8020000457763672,0.0717247202992439,integrated
16218,compositional,id,0,continuity,0.9987500309944152,0.0123903518542647,continuity
16218,compositional,id,1,allocation,1.0,0.0649778917431831,allocation
16218,compositional,id,2,protection,0.999000072479248,0.0607811547815799,protection
16218,compositional,id,3,integrated,0.9937500357627868,0.0671288818120956,integrated
16218,compositional,encoding_ood,0,continuity,0.999000072479248,0.0125865582376718,continuity
16218,compositional,encoding_ood,1,allocation,0.999500036239624,0.0651308447122573,allocation
16218,compositional,encoding_ood,2,protection,0.999000072479248,0.0614398084580898,protection
16218,compositional,encoding_ood,3,integrated,0.99275004863739,0.0675517320632934,integrated
16218,compositional,factor_ood,0,continuity,0.9985000491142272,0.0134155275300145,continuity
16218,compositional,factor_ood,1,allocation,1.0,0.0657342001795768,allocation
16218,compositional,factor_ood,2,protection,0.999250054359436,0.0623183734714984,protection
16218,compositional,factor_ood,3,integrated,0.9935000538825988,0.0712878629565239,integrated
16218,compositional,rule_ood,0,continuity,0.999750018119812,0.0126808574423193,continuity
16218,compositional,rule_ood,1,allocation,0.999750018119812,0.0615177005529403,allocation
16218,compositional,rule_ood,2,protection,1.0,0.0611453577876091,protection
16218,compositional,rule_ood,3,integrated,0.9945000410079956,0.0651557594537735,integrated
16219,compositional,id,0,continuity,0.9985000491142272,0.0413378402590751,continuity
16219,compositional,id,1,allocation,0.967750072479248,0.1045446544885635,allocation
16219,compositional,id,2,protection,0.9667500257492064,0.0693188682198524,protection
16219,compositional,id,3,integrated,0.9782500267028807,0.0874074101448059,integrated
16219,compositional,encoding_ood,0,continuity,0.9980000257492064,0.0417559295892715,continuity
16219,compositional,encoding_ood,1,allocation,0.9597500562667848,0.1070921048521995,allocation
16219,compositional,encoding_ood,2,protection,0.9667500257492064,0.0695224627852439,protection
16219,compositional,encoding_ood,3,integrated,0.977000057697296,0.0907031595706939,integrated
16219,compositional,factor_ood,0,continuity,0.9982500672340392,0.0445336438715457,continuity
16219,compositional,factor_ood,1,allocation,0.9510000348091124,0.1077720746397972,allocation
16219,compositional,factor_ood,2,protection,0.9670000672340392,0.0726480782032013,protection
16219,compositional,factor_ood,3,integrated,0.968000054359436,0.0891212671995163,integrated
16219,compositional,rule_ood,0,continuity,0.999250054359436,0.0394901521503925,continuity
16219,compositional,rule_ood,1,allocation,0.0355000011622905,0.1967702955007553,allocation
16219,compositional,rule_ood,2,protection,0.9390000700950624,0.0705633610486984,protection
16219,compositional,rule_ood,3,integrated,0.9755000472068788,0.1043891981244087,integrated
16220,compositional,id,0,continuity,0.9955000281333924,0.0292670857161283,continuity
16220,compositional,id,1,allocation,0.9940000176429749,0.1108364313840866,allocation
16220,compositional,id,2,protection,1.0,0.0595894046127796,protection
16220,compositional,id,3,integrated,0.9877500534057616,0.0731919705867767,integrated
16220,compositional,encoding_ood,0,continuity,0.9962500333786012,0.0289475079625844,continuity
16220,compositional,encoding_ood,1,allocation,0.9937500357627868,0.1079043000936508,allocation
16220,compositional,encoding_ood,2,protection,0.9910000562667848,0.0620016381144523,protection
16220,compositional,encoding_ood,3,integrated,0.9865000247955322,0.0749181285500526,integrated
16220,compositional,factor_ood,0,continuity,0.9922500252723694,0.0393467955291271,continuity
16220,compositional,factor_ood,1,allocation,0.9847500324249268,0.1185977533459663,allocation
16220,compositional,factor_ood,2,protection,0.999500036239624,0.0601074770092964,protection
16220,compositional,factor_ood,3,integrated,0.98375004529953,0.0784290358424186,integrated
16220,compositional,rule_ood,0,continuity,0.9962500333786012,0.0281586442142725,continuity
16220,compositional,rule_ood,1,allocation,0.9937500357627868,0.106439396739006,allocation
16220,compositional,rule_ood,2,protection,0.999250054359436,0.0578743033111095,protection
16220,compositional,rule_ood,3,integrated,0.9897500276565552,0.0788475051522255,integrated
16221,compositional,id,0,continuity,0.9875000715255736,0.0467164330184459,continuity
16221,compositional,id,1,allocation,0.9477500319480896,0.1049249619245529,allocation
16221,compositional,id,2,protection,0.9967500567436218,0.0763566121459007,protection
16221,compositional,id,3,integrated,0.9452500343322754,0.087367758154869,integrated
16221,compositional,encoding_ood,0,continuity,0.9777500629425048,0.0577921234071254,continuity
16221,compositional,encoding_ood,1,allocation,0.9240000247955322,0.1079836934804916,allocation
16221,compositional,encoding_ood,2,protection,0.9955000281333924,0.07743501663208,protection
16221,compositional,encoding_ood,3,integrated,0.928000032901764,0.0870528593659401,integrated
16221,compositional,factor_ood,0,continuity,0.9887500405311584,0.0460245981812477,continuity
16221,compositional,factor_ood,1,allocation,0.9477500319480896,0.1024734079837799,allocation
16221,compositional,factor_ood,2,protection,0.9950000643730164,0.0770907253026962,protection
16221,compositional,factor_ood,3,integrated,0.908750057220459,0.0919386893510818,integrated
16221,compositional,rule_ood,0,continuity,0.990000069141388,0.046687688678503,continuity
16221,compositional,rule_ood,1,allocation,0.956000030040741,0.0962134152650833,allocation
16221,compositional,rule_ood,2,protection,0.9345000386238098,0.0777486562728881,protection
16221,compositional,rule_ood,3,integrated,0.9352500438690186,0.0974128991365432,integrated
16222,compositional,id,0,continuity,0.971500039100647,0.0887783542275428,continuity
16222,compositional,id,1,allocation,0.9855000376701356,0.1121271401643753,allocation
16222,compositional,id,2,protection,0.999000072479248,0.0752298757433891,protection
16222,compositional,id,3,integrated,0.8852500319480896,0.1103802397847175,integrated
16222,compositional,encoding_ood,0,continuity,0.9782500267028807,0.086950808763504,continuity
16222,compositional,encoding_ood,1,allocation,0.9832500219345092,0.110957495868206,allocation
16222,compositional,encoding_ood,2,protection,0.9980000257492064,0.0768714770674705,protection
16222,compositional,encoding_ood,3,integrated,0.8795000314712524,0.109859675168991,integrated
16222,compositional,factor_ood,0,continuity,0.9572500586509703,0.1023357287049293,continuity
16222,compositional,factor_ood,1,allocation,0.99275004863739,0.1085817515850067,allocation
16222,compositional,factor_ood,2,protection,0.9982500672340392,0.0763633772730827,protection
16222,compositional,factor_ood,3,integrated,0.784250020980835,0.1155375242233276,integrated
16222,compositional,rule_ood,0,continuity,0.9730000495910645,0.0896719023585319,continuity
16222,compositional,rule_ood,1,allocation,0.9607500433921814,0.1137754693627357,allocation
16222,compositional,rule_ood,2,protection,0.9972500205039978,0.0717297419905662,protection
16222,compositional,rule_ood,3,integrated,0.8922500610351562,0.133841261267662,integrated
16223,compositional,id,0,continuity,0.9742500185966492,0.0604599937796592,continuity
16223,compositional,id,1,allocation,0.8947500586509705,0.1450971662998199,allocation
16223,compositional,id,2,protection,0.9965000748634338,0.0729192867875099,protection
16223,compositional,id,3,integrated,0.85875004529953,0.0958031192421913,integrated
16223,compositional,encoding_ood,0,continuity,0.955750048160553,0.0696163550019264,continuity
16223,compositional,encoding_ood,1,allocation,0.8872500658035278,0.1474980562925338,allocation
16223,compositional,encoding_ood,2,protection,0.9942500591278076,0.0746403858065605,protection
16223,compositional,encoding_ood,3,integrated,0.8397500514984131,0.0970574542880058,integrated
16223,compositional,factor_ood,0,continuity,0.968000054359436,0.0672808438539505,continuity
16223,compositional,factor_ood,1,allocation,0.8760000467300415,0.1488772928714752,allocation
16223,compositional,factor_ood,2,protection,0.9977500438690186,0.0699176639318466,protection
16223,compositional,factor_ood,3,integrated,0.7207500338554382,0.0968585312366485,integrated
16223,compositional,rule_ood,0,continuity,0.9702500700950624,0.0614251047372818,continuity
16223,compositional,rule_ood,1,allocation,0.0565000027418136,0.2158032804727554,allocation
16223,compositional,rule_ood,2,protection,0.9977500438690186,0.0694619044661521,protection
16223,compositional,rule_ood,3,integrated,0.8592500686645508,0.0961846187710762,integrated
16200,packed,id,0,continuity,0.9532500505447388,0.0922137424349784,continuity
16200,packed,id,1,allocation,0.9390000700950624,0.1239626705646514,allocation
16200,packed,id,2,protection,0.9480000734329224,0.0876398757100105,protection
16200,packed,id,3,integrated,0.8762500286102295,0.0924206674098968,integrated
16200,packed,encoding_ood,0,continuity,0.9465000629425048,0.0984018892049789,continuity
16200,packed,encoding_ood,1,allocation,0.940000057220459,0.1234039664268493,allocation
16200,packed,encoding_ood,2,protection,0.9417500495910645,0.0861395597457885,protection
16200,packed,encoding_ood,3,integrated,0.8720000386238098,0.0918808802962303,integrated
16200,packed,factor_ood,0,continuity,0.9397500157356262,0.1010722517967224,continuity
16200,packed,factor_ood,1,allocation,0.9442500472068788,0.1244475096464157,allocation
16200,packed,factor_ood,2,protection,0.9377500414848328,0.0883641391992569,protection
16200,packed,factor_ood,3,integrated,0.8370000123977661,0.1015354543924331,integrated
16200,packed,rule_ood,0,continuity,0.9352500438690186,0.1063891500234603,continuity
16200,packed,rule_ood,1,allocation,0.9375000596046448,0.1180020570755004,allocation
16200,packed,rule_ood,2,protection,0.9695000648498536,0.0925643816590309,protection
16200,packed,rule_ood,3,integrated,0.8870000243186951,0.0900020152330398,integrated
16201,packed,id,0,continuity,0.9767500758171082,0.0506972447037696,continuity
16201,packed,id,1,allocation,0.9952500462532043,0.0963994041085243,allocation
16201,packed,id,2,protection,0.9967500567436218,0.0696815177798271,protection
16201,packed,id,3,integrated,0.9532500505447388,0.0856154486536979,integrated
16201,packed,encoding_ood,0,continuity,0.9780000448226928,0.0466720350086689,continuity
16201,packed,encoding_ood,1,allocation,0.9960000514984132,0.0941577553749084,allocation
16201,packed,encoding_ood,2,protection,0.9935000538825988,0.0715981647372245,protection
16201,packed,encoding_ood,3,integrated,0.9495000243186952,0.0864371359348297,integrated
16201,packed,factor_ood,0,continuity,0.9735000729560852,0.051921010017395,continuity
16201,packed,factor_ood,1,allocation,0.9957500696182252,0.0953906551003456,allocation
16201,packed,factor_ood,2,protection,0.9952500462532043,0.0691392570734024,protection
16201,packed,factor_ood,3,integrated,0.9507500529289246,0.0864817723631858,integrated
16201,packed,rule_ood,0,continuity,0.9767500758171082,0.0504530780017375,continuity
16201,packed,rule_ood,1,allocation,0.9010000228881836,0.1077383011579513,allocation
16201,packed,rule_ood,2,protection,0.5460000038146973,0.1196062713861465,protection
16201,packed,rule_ood,3,integrated,0.9510000348091124,0.1189421638846397,integrated
16202,packed,id,0,continuity,0.9657500386238098,0.0840306505560875,continuity
16202,packed,id,1,allocation,0.6342500448226929,0.1459233909845352,allocation
16202,packed,id,2,protection,0.9970000386238098,0.0653761178255081,protection
16202,packed,id,3,integrated,0.7905000448226929,0.0738792493939399,integrated
16202,packed,encoding_ood,0,continuity,0.9667500257492064,0.0839003175497055,continuity
16202,packed,encoding_ood,1,allocation,0.6287500262260437,0.1468568742275238,allocation
16202,packed,encoding_ood,2,protection,0.9975000619888306,0.064786784350872,protection
16202,packed,encoding_ood,3,integrated,0.7870000600814819,0.0739730894565582,integrated
16202,packed,factor_ood,0,continuity,0.9657500386238098,0.0865253508090972,continuity
16202,packed,factor_ood,1,allocation,0.6287500262260437,0.1442688852548599,allocation
16202,packed,factor_ood,2,protection,0.9980000257492064,0.06429223716259,protection
16202,packed,factor_ood,3,integrated,0.4905000329017639,0.0748287215828895,integrated
16202,packed,rule_ood,0,continuity,0.9605000615119934,0.0851025879383087,continuity
16202,packed,rule_ood,1,allocation,0.5347500443458557,0.1165516525506973,allocation
16202,packed,rule_ood,2,protection,0.8877500295639038,0.0826336741447448,protection
16202,packed,rule_ood,3,integrated,0.781000018119812,0.1269059479236602,integrated
16203,packed,id,0,continuity,0.999500036239624,0.0360043048858642,continuity
16203,packed,id,1,allocation,0.990250051021576,0.0892591178417205,allocation
16203,packed,id,2,protection,0.9917500615119934,0.0653201937675476,protection
16203,packed,id,3,integrated,0.977500021457672,0.0791650488972663,integrated
16203,packed,encoding_ood,0,continuity,0.999000072479248,0.0362297184765338,continuity
16203,packed,encoding_ood,1,allocation,0.9940000176429749,0.0900406390428543,allocation
16203,packed,encoding_ood,2,protection,0.9875000715255736,0.0665731653571128,protection
16203,packed,encoding_ood,3,integrated,0.9797500371932985,0.0796541646122932,integrated
16203,packed,factor_ood,0,continuity,0.9980000257492064,0.0414091013371944,continuity
16203,packed,factor_ood,1,allocation,0.99275004863739,0.0874326527118682,allocation
16203,packed,factor_ood,2,protection,0.990000069141388,0.0641617774963378,protection
16203,packed,factor_ood,3,integrated,0.971750020980835,0.0783028602600097,integrated
16203,packed,rule_ood,0,continuity,0.999250054359436,0.0377997085452079,continuity
16203,packed,rule_ood,1,allocation,0.9910000562667848,0.0885628685355186,allocation
16203,packed,rule_ood,2,protection,0.7382500171661377,0.0873531624674797,protection
16203,packed,rule_ood,3,integrated,0.977250039577484,0.1240532547235488,integrated
16204,packed,id,0,continuity,0.9742500185966492,0.0958947464823722,continuity
16204,packed,id,1,allocation,0.9232500195503236,0.1180158630013465,allocation
16204,packed,id,2,protection,0.999750018119812,0.0788723453879356,protection
16204,packed,id,3,integrated,0.909250020980835,0.0878803208470344,integrated
16204,packed,encoding_ood,0,continuity,0.977500021457672,0.0944786146283149,continuity
16204,packed,encoding_ood,1,allocation,0.9192500710487366,0.1185220032930374,allocation
16204,packed,encoding_ood,2,protection,0.9970000386238098,0.0796031802892685,protection
16204,packed,encoding_ood,3,integrated,0.9032500386238098,0.0888413414359092,integrated
16204,packed,factor_ood,0,continuity,0.975000023841858,0.1103624328970909,continuity
16204,packed,factor_ood,1,allocation,0.9012500643730164,0.1193955168128013,allocation
16204,packed,factor_ood,2,protection,0.999750018119812,0.0806662961840629,protection
16204,packed,factor_ood,3,integrated,0.8455000519752502,0.092558279633522,integrated
16204,packed,rule_ood,0,continuity,0.9692500233650208,0.1027128547430038,continuity
16204,packed,rule_ood,1,allocation,0.8667500615119934,0.108702041208744,allocation
16204,packed,rule_ood,2,protection,0.9675000309944152,0.0816404446959495,protection
16204,packed,rule_ood,3,integrated,0.9022500514984132,0.1130058243870735,integrated
16205,packed,id,0,continuity,0.9830000400543212,0.0657646805047988,continuity
16205,packed,id,1,allocation,0.9655000567436218,0.098617285490036,allocation
16205,packed,id,2,protection,0.9970000386238098,0.071864552795887,protection
16205,packed,id,3,integrated,0.9482500553131104,0.0856689363718032,integrated
16205,packed,encoding_ood,0,continuity,0.983500063419342,0.0675064101815223,continuity
16205,packed,encoding_ood,1,allocation,0.9655000567436218,0.1003417372703552,allocation
16205,packed,encoding_ood,2,protection,0.9932500720024108,0.0719776377081871,protection
16205,packed,encoding_ood,3,integrated,0.9347500205039978,0.0822119787335395,integrated
16205,packed,factor_ood,0,continuity,0.983500063419342,0.0724417269229888,continuity
16205,packed,factor_ood,1,allocation,0.9695000648498536,0.0977733805775642,allocation
16205,packed,factor_ood,2,protection,0.9955000281333924,0.0748622193932533,protection
16205,packed,factor_ood,3,integrated,0.9002500176429749,0.0914144515991211,integrated
16205,packed,rule_ood,0,continuity,0.9855000376701356,0.0639767274260521,continuity
16205,packed,rule_ood,1,allocation,0.9585000276565552,0.0935254693031311,allocation
16205,packed,rule_ood,2,protection,0.8327500224113464,0.0993044301867485,protection
16205,packed,rule_ood,3,integrated,0.9480000734329224,0.1159904450178146,integrated
16206,packed,id,0,continuity,0.9820000529289246,0.1007586792111396,continuity
16206,packed,id,1,allocation,0.8067500591278076,0.1377370655536651,allocation
16206,packed,id,2,protection,0.975000023841858,0.0775989443063736,protection
16206,packed,id,3,integrated,0.8250000476837158,0.0766445994377136,integrated
16206,packed,encoding_ood,0,continuity,0.9792500734329224,0.0964688286185264,continuity
16206,packed,encoding_ood,1,allocation,0.7812500596046448,0.1420692205429077,allocation
16206,packed,encoding_ood,2,protection,0.9652500748634338,0.0782408490777015,protection
16206,packed,encoding_ood,3,integrated,0.8095000386238098,0.0778929814696312,integrated
16206,packed,factor_ood,0,continuity,0.9777500629425048,0.1073077470064163,continuity
16206,packed,factor_ood,1,allocation,0.7660000324249268,0.142898753285408,allocation
16206,packed,factor_ood,2,protection,0.9730000495910645,0.0769768133759498,protection
16206,packed,factor_ood,3,integrated,0.5950000286102295,0.0766912251710891,integrated
16206,packed,rule_ood,0,continuity,0.9807500243186952,0.1011856198310852,continuity
16206,packed,rule_ood,1,allocation,0.7637500166893005,0.116768330335617,allocation
16206,packed,rule_ood,2,protection,0.9355000257492064,0.0772517919540405,protection
16206,packed,rule_ood,3,integrated,0.8160000443458557,0.1081330627202987,integrated
16207,packed,id,0,continuity,0.7675000429153442,0.2140583246946334,continuity
16207,packed,id,1,allocation,0.6440000534057617,0.1477619707584381,allocation
16207,packed,id,2,protection,0.9937500357627868,0.0755049437284469,protection
16207,packed,id,3,integrated,0.8400000333786011,0.0724509581923484,integrated
16207,packed,encoding_ood,0,continuity,0.7547500133514404,0.214391678571701,continuity
16207,packed,encoding_ood,1,allocation,0.6452500224113464,0.1460012197494506,allocation
16207,packed,encoding_ood,2,protection,0.9820000529289246,0.0792745277285575,protection
16207,packed,encoding_ood,3,integrated,0.831000030040741,0.0741174817085266,integrated
16207,packed,factor_ood,0,continuity,0.7800000309944153,0.209024116396904,continuity
16207,packed,factor_ood,1,allocation,0.6382500529289246,0.1453486084938049,allocation
16207,packed,factor_ood,2,protection,0.9912500381469728,0.0786157846450805,protection
16207,packed,factor_ood,3,integrated,0.7250000238418579,0.0819736272096633,integrated
16207,packed,rule_ood,0,continuity,0.7657500505447388,0.2155533134937286,continuity
16207,packed,rule_ood,1,allocation,0.5572500228881836,0.1164915710687637,allocation
16207,packed,rule_ood,2,protection,0.9950000643730164,0.0750086829066276,protection
16207,packed,rule_ood,3,integrated,0.8315000534057617,0.0763885527849197,integrated
16208,packed,id,0,continuity,0.9785000681877136,0.1443833857774734,continuity
16208,packed,id,1,allocation,0.6977500319480896,0.1547260731458664,allocation
16208,packed,id,2,protection,0.9967500567436218,0.071936085820198,protection
16208,packed,id,3,integrated,0.8632500171661377,0.1194834858179092,integrated
16208,packed,encoding_ood,0,continuity,0.9762500524520874,0.142170563340187,continuity
16208,packed,encoding_ood,1,allocation,0.6935000419616699,0.1538706719875335,allocation
16208,packed,encoding_ood,2,protection,0.9865000247955322,0.0759165659546852,protection
16208,packed,encoding_ood,3,integrated,0.8582500219345093,0.1185299530625343,integrated
16208,packed,factor_ood,0,continuity,0.9725000262260436,0.1460245251655578,continuity
16208,packed,factor_ood,1,allocation,0.6205000281333923,0.153911754488945,allocation
16208,packed,factor_ood,2,protection,0.9955000281333924,0.0717950761318206,protection
16208,packed,factor_ood,3,integrated,0.7845000624656677,0.1365125179290771,integrated
16208,packed,rule_ood,0,continuity,0.9790000319480896,0.142718881368637,continuity
16208,packed,rule_ood,1,allocation,0.640250027179718,0.1201516240835189,allocation
16208,packed,rule_ood,2,protection,0.9810000658035278,0.0744462087750434,protection
16208,packed,rule_ood,3,integrated,0.8517500162124634,0.1487634479999542,integrated
16209,packed,id,0,continuity,0.9982500672340392,0.0257524773478508,continuity
16209,packed,id,1,allocation,0.9967500567436218,0.0830303505063057,allocation
16209,packed,id,2,protection,0.9967500567436218,0.0659460946917533,protection
16209,packed,id,3,integrated,0.9882500171661376,0.0859512090682983,integrated
16209,packed,encoding_ood,0,continuity,0.9985000491142272,0.0252804867923259,continuity
16209,packed,encoding_ood,1,allocation,0.9972500205039978,0.0829494372010231,allocation
16209,packed,encoding_ood,2,protection,0.9940000176429749,0.0681980997323989,protection
16209,packed,encoding_ood,3,integrated,0.987250030040741,0.0870178490877151,integrated
16209,packed,factor_ood,0,continuity,0.9967500567436218,0.027937326580286,continuity
16209,packed,factor_ood,1,allocation,0.9947500228881836,0.084019511938095,allocation
16209,packed,factor_ood,2,protection,0.9972500205039978,0.0652147084474563,protection
16209,packed,factor_ood,3,integrated,0.975000023841858,0.0845412164926529,integrated
16209,packed,rule_ood,0,continuity,0.999500036239624,0.0268370397388935,continuity
16209,packed,rule_ood,1,allocation,0.8730000257492065,0.0978706106543541,allocation
16209,packed,rule_ood,2,protection,0.9427500367164612,0.0729142054915428,protection
16209,packed,rule_ood,3,integrated,0.9842500686645508,0.1625929921865463,integrated
16210,packed,id,0,continuity,0.9967500567436218,0.0473642796277999,continuity
16210,packed,id,1,allocation,0.9955000281333924,0.0918506979942321,allocation
16210,packed,id,2,protection,0.999500036239624,0.0624339543282985,protection
16210,packed,id,3,integrated,0.9690000414848328,0.071950539946556,integrated
16210,packed,encoding_ood,0,continuity,0.9972500205039978,0.0474041923880577,continuity
16210,packed,encoding_ood,1,allocation,0.9962500333786012,0.0918860509991645,allocation
16210,packed,encoding_ood,2,protection,0.999750018119812,0.0626478716731071,protection
16210,packed,encoding_ood,3,integrated,0.9692500233650208,0.0729055777192115,integrated
16210,packed,factor_ood,0,continuity,0.9982500672340392,0.0534444153308868,continuity
16210,packed,factor_ood,1,allocation,0.9940000176429749,0.0927376300096511,allocation
16210,packed,factor_ood,2,protection,0.9987500309944152,0.0616286098957061,protection
16210,packed,factor_ood,3,integrated,0.9622500538825988,0.0756165534257888,integrated
16210,packed,rule_ood,0,continuity,0.9962500333786012,0.0496318824589252,continuity
16210,packed,rule_ood,1,allocation,0.9667500257492064,0.092386744916439,allocation
16210,packed,rule_ood,2,protection,0.9887500405311584,0.0829567983746528,protection
16210,packed,rule_ood,3,integrated,0.968000054359436,0.0972015857696533,integrated
16211,packed,id,0,continuity,0.9777500629425048,0.0744580551981926,continuity
16211,packed,id,1,allocation,0.6990000605583191,0.1390557587146759,allocation
16211,packed,id,2,protection,0.9977500438690186,0.0615441314876079,protection
16211,packed,id,3,integrated,0.8892500400543213,0.082688421010971,integrated
16211,packed,encoding_ood,0,continuity,0.9797500371932985,0.074555218219757,continuity
16211,packed,encoding_ood,1,allocation,0.7000000476837158,0.1376711428165435,allocation
16211,packed,encoding_ood,2,protection,0.9947500228881836,0.0614718124270439,protection
16211,packed,encoding_ood,3,integrated,0.8825000524520874,0.0818073898553848,integrated
16211,packed,factor_ood,0,continuity,0.9727500677108764,0.0813335478305816,continuity
16211,packed,factor_ood,1,allocation,0.7307500243186951,0.1360222250223159,allocation
16211,packed,factor_ood,2,protection,0.9957500696182252,0.063798576593399,protection
16211,packed,factor_ood,3,integrated,0.7795000076293945,0.0878770947456359,integrated
16211,packed,rule_ood,0,continuity,0.9762500524520874,0.0777365937829017,continuity
16211,packed,rule_ood,1,allocation,0.6550000309944153,0.1336970925331115,allocation
16211,packed,rule_ood,2,protection,0.7430000305175781,0.0953103974461555,protection
16211,packed,rule_ood,3,integrated,0.8925000429153442,0.1299840211868286,integrated
16212,packed,id,0,continuity,1.0,0.034640971571207,continuity
16212,packed,id,1,allocation,0.9950000643730164,0.1024366021156311,allocation
16212,packed,id,2,protection,0.999000072479248,0.0707430765032768,protection
16212,packed,id,3,integrated,0.9450000524520874,0.0803358182311058,integrated
16212,packed,encoding_ood,0,continuity,0.9977500438690186,0.0360267609357833,continuity
16212,packed,encoding_ood,1,allocation,0.9947500228881836,0.102835826575756,allocation
16212,packed,encoding_ood,2,protection,0.9962500333786012,0.0715902596712112,protection
16212,packed,encoding_ood,3,integrated,0.936750054359436,0.0800029635429382,integrated
16212,packed,factor_ood,0,continuity,0.9982500672340392,0.0373237468302249,continuity
16212,packed,factor_ood,1,allocation,0.9965000748634338,0.1043626591563224,allocation
16212,packed,factor_ood,2,protection,0.9980000257492064,0.0729208290576934,protection
16212,packed,factor_ood,3,integrated,0.9480000734329224,0.0903253853321075,integrated
16212,packed,rule_ood,0,continuity,0.999750018119812,0.0333512723445892,continuity
16212,packed,rule_ood,1,allocation,0.9940000176429749,0.0971478149294853,allocation
16212,packed,rule_ood,2,protection,0.9887500405311584,0.0691028609871864,protection
16212,packed,rule_ood,3,integrated,0.9537500739097596,0.0861397013068199,integrated
16213,packed,id,0,continuity,0.999250054359436,0.0210328344255685,continuity
16213,packed,id,1,allocation,0.9942500591278076,0.0959085673093795,allocation
16213,packed,id,2,protection,0.9915000200271606,0.0703297331929206,protection
16213,packed,id,3,integrated,0.990250051021576,0.083903856575489,integrated
16213,packed,encoding_ood,0,continuity,0.999750018119812,0.0203373059630393,continuity
16213,packed,encoding_ood,1,allocation,0.9937500357627868,0.0949965417385101,allocation
16213,packed,encoding_ood,2,protection,0.9877500534057616,0.0714315846562385,protection
16213,packed,encoding_ood,3,integrated,0.9915000200271606,0.0825521126389503,integrated
16213,packed,factor_ood,0,continuity,0.999000072479248,0.022490456700325,continuity
16213,packed,factor_ood,1,allocation,0.9907500743865968,0.096337653696537,allocation
16213,packed,factor_ood,2,protection,0.9915000200271606,0.0723393857479095,protection
16213,packed,factor_ood,3,integrated,0.9812500476837158,0.0880371332168579,integrated
16213,packed,rule_ood,0,continuity,0.999000072479248,0.021447068080306,continuity
16213,packed,rule_ood,1,allocation,0.9912500381469728,0.1057357713580131,allocation
16213,packed,rule_ood,2,protection,0.9655000567436218,0.0955892354249954,protection
16213,packed,rule_ood,3,integrated,0.9915000200271606,0.1165627613663673,integrated
16214,packed,id,0,continuity,1.0,0.0146017298102378,continuity
16214,packed,id,1,allocation,0.9987500309944152,0.0770364999771118,allocation
16214,packed,id,2,protection,0.9797500371932985,0.070558838546276,protection
16214,packed,id,3,integrated,0.9700000286102296,0.0683225914835929,integrated
16214,packed,encoding_ood,0,continuity,0.999750018119812,0.0149564957246184,continuity
16214,packed,encoding_ood,1,allocation,0.999000072479248,0.0779741257429122,allocation
16214,packed,encoding_ood,2,protection,0.9782500267028807,0.0719184875488281,protection
16214,packed,encoding_ood,3,integrated,0.971750020980835,0.0696184709668159,integrated
16214,packed,factor_ood,0,continuity,0.999750018119812,0.0167491119354963,continuity
16214,packed,factor_ood,1,allocation,0.9977500438690186,0.0769916996359825,allocation
16214,packed,factor_ood,2,protection,0.977000057697296,0.0689680650830268,protection
16214,packed,factor_ood,3,integrated,0.9597500562667848,0.070440374314785,integrated
16214,packed,rule_ood,0,continuity,1.0,0.0162716265767812,continuity
16214,packed,rule_ood,1,allocation,0.9412500262260436,0.1027067303657531,allocation
16214,packed,rule_ood,2,protection,0.9487500190734864,0.0705005675554275,protection
16214,packed,rule_ood,3,integrated,0.9665000438690186,0.0702174827456474,integrated
16215,packed,id,0,continuity,0.9780000448226928,0.0888860821723938,continuity
16215,packed,id,1,allocation,0.8842500448226929,0.1312488764524459,allocation
16215,packed,id,2,protection,0.9530000686645508,0.080910824239254,protection
16215,packed,id,3,integrated,0.8077500462532043,0.0887174904346466,integrated
16215,packed,encoding_ood,0,continuity,0.9817500710487366,0.0875368192791938,continuity
16215,packed,encoding_ood,1,allocation,0.8887500166893005,0.1299483925104141,allocation
16215,packed,encoding_ood,2,protection,0.9532500505447388,0.0813528597354888,protection
16215,packed,encoding_ood,3,integrated,0.7927500605583191,0.088023766875267,integrated
16215,packed,factor_ood,0,continuity,0.9752500653266908,0.1003211587667465,continuity
16215,packed,factor_ood,1,allocation,0.8845000267028809,0.1293493658304214,allocation
16215,packed,factor_ood,2,protection,0.9500000476837158,0.0834060087800026,protection
16215,packed,factor_ood,3,integrated,0.5277500152587891,0.0912419483065605,integrated
16215,packed,rule_ood,0,continuity,0.971000075340271,0.0888067036867141,continuity
16215,packed,rule_ood,1,allocation,0.8420000672340393,0.1409974098205566,allocation
16215,packed,rule_ood,2,protection,0.908750057220459,0.0939770489931106,protection
16215,packed,rule_ood,3,integrated,0.7940000295639038,0.1103142872452735,integrated
16216,packed,id,0,continuity,0.9862500429153442,0.0482993274927139,continuity
16216,packed,id,1,allocation,0.9792500734329224,0.0922856330871582,allocation
16216,packed,id,2,protection,0.9942500591278076,0.0699048191308975,protection
16216,packed,id,3,integrated,0.9502500295639038,0.081742376089096,integrated
16216,packed,encoding_ood,0,continuity,0.990250051021576,0.046488918364048,continuity
16216,packed,encoding_ood,1,allocation,0.9827500581741332,0.0918986424803733,allocation
16216,packed,encoding_ood,2,protection,0.9967500567436218,0.069734439253807,protection
16216,packed,encoding_ood,3,integrated,0.9505000710487366,0.0824945867061615,integrated
16216,packed,factor_ood,0,continuity,0.9875000715255736,0.0461424440145492,continuity
16216,packed,factor_ood,1,allocation,0.977500021457672,0.0934909880161285,allocation
16216,packed,factor_ood,2,protection,0.9945000410079956,0.0688328668475151,protection
16216,packed,factor_ood,3,integrated,0.9252500534057616,0.0861137583851814,integrated
16216,packed,rule_ood,0,continuity,0.9877500534057616,0.0493455231189727,continuity
16216,packed,rule_ood,1,allocation,0.9565000534057616,0.0950235053896904,allocation
16216,packed,rule_ood,2,protection,0.9782500267028807,0.0750222355127334,protection
16216,packed,rule_ood,3,integrated,0.936500072479248,0.0903165936470031,integrated
16217,packed,id,0,continuity,0.9742500185966492,0.07496028393507,continuity
16217,packed,id,1,allocation,0.6377500295639038,0.1454791277647018,allocation
16217,packed,id,2,protection,0.999250054359436,0.0704163163900375,protection
16217,packed,id,3,integrated,0.8052500486373901,0.0770719647407531,integrated
16217,packed,encoding_ood,0,continuity,0.9755000472068788,0.0738996639847755,continuity
16217,packed,encoding_ood,1,allocation,0.6362500190734863,0.1440671384334564,allocation
16217,packed,encoding_ood,2,protection,0.999000072479248,0.0695041716098785,protection
16217,packed,encoding_ood,3,integrated,0.8107500672340393,0.0764914453029632,integrated
16217,packed,factor_ood,0,continuity,0.968250036239624,0.0884664207696914,continuity
16217,packed,factor_ood,1,allocation,0.6217500567436218,0.1484655290842056,allocation
16217,packed,factor_ood,2,protection,0.999250054359436,0.0696959570050239,protection
16217,packed,factor_ood,3,integrated,0.5857500433921814,0.0813588723540306,integrated
16217,packed,rule_ood,0,continuity,0.9727500677108764,0.0755141153931617,continuity
16217,packed,rule_ood,1,allocation,0.5450000166893005,0.1366623640060424,allocation
16217,packed,rule_ood,2,protection,0.5080000162124634,0.1718737930059433,protection
16217,packed,rule_ood,3,integrated,0.8127500414848328,0.1675423383712768,integrated
16218,packed,id,0,continuity,0.9942500591278076,0.0376268252730369,continuity
16218,packed,id,1,allocation,0.9687500596046448,0.0959522053599357,allocation
16218,packed,id,2,protection,0.999250054359436,0.0633140951395034,protection
16218,packed,id,3,integrated,0.9620000720024108,0.0748692229390144,integrated
16218,packed,encoding_ood,0,continuity,0.9935000538825988,0.0367123074829578,continuity
16218,packed,encoding_ood,1,allocation,0.9660000205039978,0.0973133742809295,allocation
16218,packed,encoding_ood,2,protection,0.9985000491142272,0.0641174092888832,protection
16218,packed,encoding_ood,3,integrated,0.961250066757202,0.0754168257117271,integrated
16218,packed,factor_ood,0,continuity,0.992500066757202,0.0442127920687198,continuity
16218,packed,factor_ood,1,allocation,0.9660000205039978,0.0958397686481475,allocation
16218,packed,factor_ood,2,protection,0.9977500438690186,0.0646934434771537,protection
16218,packed,factor_ood,3,integrated,0.946250021457672,0.0761089026927948,integrated
16218,packed,rule_ood,0,continuity,0.99275004863739,0.0356369726359844,continuity
16218,packed,rule_ood,1,allocation,0.8887500166893005,0.1008094251155853,allocation
16218,packed,rule_ood,2,protection,0.9695000648498536,0.0664188712835311,protection
16218,packed,rule_ood,3,integrated,0.9620000720024108,0.0829954594373703,integrated
16219,packed,id,0,continuity,0.9827500581741332,0.0602798014879226,continuity
16219,packed,id,1,allocation,0.99275004863739,0.0960628539323806,allocation
16219,packed,id,2,protection,0.9980000257492064,0.0665028244256973,protection
16219,packed,id,3,integrated,0.9580000638961792,0.0860189273953437,integrated
16219,packed,encoding_ood,0,continuity,0.9767500758171082,0.0687752962112426,continuity
16219,packed,encoding_ood,1,allocation,0.9945000410079956,0.0947576463222503,allocation
16219,packed,encoding_ood,2,protection,0.9975000619888306,0.0669090002775192,protection
16219,packed,encoding_ood,3,integrated,0.9482500553131104,0.0865353122353553,integrated
16219,packed,factor_ood,0,continuity,0.9722500443458556,0.074478842318058,continuity
16219,packed,factor_ood,1,allocation,0.987250030040741,0.100799061357975,allocation
16219,packed,factor_ood,2,protection,0.9982500672340392,0.0695153772830963,protection
16219,packed,factor_ood,3,integrated,0.9195000529289246,0.0910527259111404,integrated
16219,packed,rule_ood,0,continuity,0.9817500710487366,0.06284711509943,continuity
16219,packed,rule_ood,1,allocation,0.986750066280365,0.089399479329586,allocation
16219,packed,rule_ood,2,protection,0.9937500357627868,0.0761850252747535,protection
16219,packed,rule_ood,3,integrated,0.9575000405311584,0.0863799601793289,integrated
16220,packed,id,0,continuity,0.6382500529289246,0.262779951095581,continuity
16220,packed,id,1,allocation,0.6235000491142273,0.138334721326828,allocation
16220,packed,id,2,protection,1.0,0.0506314858794212,protection
16220,packed,id,3,integrated,0.7887500524520874,0.0643913894891738,integrated
16220,packed,encoding_ood,0,continuity,0.6365000009536743,0.2603712975978851,continuity
16220,packed,encoding_ood,1,allocation,0.6297500133514404,0.1363647878170013,allocation
16220,packed,encoding_ood,2,protection,0.9985000491142272,0.0507884472608566,protection
16220,packed,encoding_ood,3,integrated,0.784000039100647,0.0645014941692352,integrated
16220,packed,factor_ood,0,continuity,0.6310000419616699,0.2636040151119232,continuity
16220,packed,factor_ood,1,allocation,0.6335000395774841,0.1365804225206375,allocation
16220,packed,factor_ood,2,protection,1.0,0.0512761622667312,protection
16220,packed,factor_ood,3,integrated,0.4647500216960907,0.0640297904610633,integrated
16220,packed,rule_ood,0,continuity,0.6330000162124634,0.2578143179416656,continuity
16220,packed,rule_ood,1,allocation,0.6305000185966492,0.1294297873973846,allocation
16220,packed,rule_ood,2,protection,1.0,0.048798993229866,protection
16220,packed,rule_ood,3,integrated,0.781000018119812,0.1137409955263137,integrated
16221,packed,id,0,continuity,0.9790000319480896,0.0714989975094795,continuity
16221,packed,id,1,allocation,0.9642500281333924,0.0967092588543891,allocation
16221,packed,id,2,protection,0.9947500228881836,0.0704223215579986,protection
16221,packed,id,3,integrated,0.9325000643730164,0.0788795575499534,integrated
16221,packed,encoding_ood,0,continuity,0.9812500476837158,0.0691998302936554,continuity
16221,packed,encoding_ood,1,allocation,0.9657500386238098,0.0961775630712509,allocation
16221,packed,encoding_ood,2,protection,0.9965000748634338,0.0712031200528144,protection
16221,packed,encoding_ood,3,integrated,0.9320000410079956,0.079070471227169,integrated
16221,packed,factor_ood,0,continuity,0.9790000319480896,0.0745549649000167,continuity
16221,packed,factor_ood,1,allocation,0.9672500491142272,0.0957579836249351,allocation
16221,packed,factor_ood,2,protection,0.9947500228881836,0.0718856751918792,protection
16221,packed,factor_ood,3,integrated,0.9187500476837158,0.0817984640598297,integrated
16221,packed,rule_ood,0,continuity,0.9795000553131104,0.0704634487628936,continuity
16221,packed,rule_ood,1,allocation,0.8495000600814819,0.1014448478817939,allocation
16221,packed,rule_ood,2,protection,0.984000027179718,0.0740686655044555,protection
16221,packed,rule_ood,3,integrated,0.9317500591278076,0.0863928273320198,integrated
16222,packed,id,0,continuity,0.9812500476837158,0.0726146399974823,continuity
16222,packed,id,1,allocation,0.628250002861023,0.1456119418144226,allocation
16222,packed,id,2,protection,0.9942500591278076,0.0683541223406791,protection
16222,packed,id,3,integrated,0.7867500185966492,0.0637550130486488,integrated
16222,packed,encoding_ood,0,continuity,0.9790000319480896,0.0714854151010513,continuity
16222,packed,encoding_ood,1,allocation,0.612250030040741,0.1404866427183151,allocation
16222,packed,encoding_ood,2,protection,0.99275004863739,0.069666139781475,protection
16222,packed,encoding_ood,3,integrated,0.7747500538825989,0.0651010796427726,integrated
16222,packed,factor_ood,0,continuity,0.9802500605583192,0.0740879699587822,continuity
16222,packed,factor_ood,1,allocation,0.6192500591278076,0.1440949440002441,allocation
16222,packed,factor_ood,2,protection,0.9945000410079956,0.0688663870096206,protection
16222,packed,factor_ood,3,integrated,0.4962500333786011,0.0649273544549942,integrated
16222,packed,rule_ood,0,continuity,0.9782500267028807,0.0781303271651268,continuity
16222,packed,rule_ood,1,allocation,0.6055000424385071,0.1134729236364364,allocation
16222,packed,rule_ood,2,protection,0.9647500514984132,0.0697899535298347,protection
16222,packed,rule_ood,3,integrated,0.7862500548362732,0.080129325389862,integrated
16223,packed,id,0,continuity,0.9662500619888306,0.0765147879719734,continuity
16223,packed,id,1,allocation,0.6357500553131104,0.1483490318059921,allocation
16223,packed,id,2,protection,0.999500036239624,0.0607373639941215,protection
16223,packed,id,3,integrated,0.8140000104904175,0.0683883056044578,integrated
16223,packed,encoding_ood,0,continuity,0.9640000462532043,0.0783037394285202,continuity
16223,packed,encoding_ood,1,allocation,0.6352500319480896,0.1484553515911102,allocation
16223,packed,encoding_ood,2,protection,1.0,0.0607852153480052,protection
16223,packed,encoding_ood,3,integrated,0.8147500157356262,0.0677474215626716,integrated
16223,packed,factor_ood,0,continuity,0.9630000591278076,0.08237324655056,continuity
16223,packed,factor_ood,1,allocation,0.6307500004768372,0.1456641256809234,allocation
16223,packed,factor_ood,2,protection,1.0,0.0601375140249729,protection
16223,packed,factor_ood,3,integrated,0.6095000505447388,0.0693440437316894,integrated
16223,packed,rule_ood,0,continuity,0.9690000414848328,0.0729097872972488,continuity
16223,packed,rule_ood,1,allocation,0.6285000443458557,0.1105862483382225,allocation
16223,packed,rule_ood,2,protection,0.9892500638961792,0.0579776726663112,protection
16223,packed,rule_ood,3,integrated,0.8237500190734863,0.0704998821020126,integrated
